SMILES,Dielectric,n_F,n_O,MolWt
O=C1CCCCC1,16.1,0,1,98.07316494
CO,33,0,1,32.02621475
CCO,-126.114,0,1,46.04186481
C1CCOC1,7.6,0,1,72.05751488
C1COCCO1,2.2,0,2,88.0524295
C=[SiH2],9.72,0,0,44.00822666
COC(=O)[C](C)C,3.6,0,2,101.0602545
C=CC(=O)[O-],3.7,0,2,71.01385292
O=C(CCCN1C(=O)C=CC1=O)ON1C(=O)CCC1=O,,0,6,280.0695361
CCCCO,13.9,0,1,74.07316494
C=CCl,3.4,0,0,61.99232778
O=c1cc(-c2ccccc2)oc2cc(O)c(O)c(O)c12,,0,5,270.0528234
FC(F)(F)C(F)(F)C(F)(F)C(F)(F)C(F)(F)C(F)(F)C(F)(F)C(F)(F)F,1.76,18,0,437.971258
FC1(F)C(F)(F)C(F)(F)C2(F)C(F)(F)C(F)(F)C(F)(F)C(F)(F)C2(F)C1(F)F,1.94,18,0,461.971258
C1CCOCC1,5.66,0,1,86.07316494
CCOCC,7.79,0,1,74.07316494
ClC(Cl)Cl,4.81,0,0,117.9143831
CCOC(C)=O,6.02,0,2,88.0524295
COC(C)=O,6.68,0,2,74.03677943
CCC(C)O,16.6,0,1,74.07316494
CC(C)O,18,0,1,60.05751488
CCCO,20.8,0,1,60.05751488
CC(C)=O,20,0,1,58.04186481
OCCO,37.7,0,2,62.03677943
CC#N,-126.1155,0,0,41.0265491
CS(C)=O,47,0,1,78.01393581
C[C@@H]1O[C@@H](O[C@H]2[C@H](Oc3cc(O)c4c(c3)O[C@H](c3ccc(O)cc3)CC4=O)O[C@H](CO)[C@@H](O)[C@@H]2O)[C@H](O)[C@H](O)[C@H]1O,,0,14,580.1792057
Cc1ccccc1,2.43,0,0,92.06260026
c1ccccc1,2.28,0,0,78.04695019
CCOc1ccc(/C=C/C(=O)OC)cc1CC(=O)N[C@H](C(=O)N[C@@H](CC(=O)O)C(=O)CSCc1c(F)cccc1Cl)C(C)C,,1,8,650.186493
FOF,5.9,2,1,53.99172106
OCC1OC(OC2C(CO)OC(O)C(O)C2O)C(O)C(O)C1O,65.4,0,11,342.1162115
CCCCCCCC/C=C\CCCCCCCC(=O)O,2.5,0,2,282.2558803
CCCCC/C=C\C/C=C\CCCCCCCC(=O)O,,0,2,280.2402303
CCCCCCC,1.9,0,0,100.1252005
O=C=O,2.5,0,2,43.98982924
O=[Si]=O,4.5,0,2,59.96675577
C=C(C)C(=O)OCCO,2,0,3,130.0629942
Oc1ccccc1,15,0,1,94.04186481
O=c1cc(-c2ccc(O)cc2)oc2cc(O)c(O)c(O)c12,,0,6,286.047738
NCCCCNCCCN,,0,0,145.1578976
CC[n+]1ccn(C)c1,,0,0,111.0916748
CCCC[n+]1ccn(C)c1,40,0,0,139.1229749
CCCCCC[n+]1ccn(C)c1,,0,0,167.154275
CCCCCCCC[n+]1ccn(C)c1,,0,0,195.1855752
CCCCCCCCCC[n+]1ccn(C)c1,,0,0,223.2168753
CO/C=C(/C(=O)OC)c1ccccc1Oc1cc(Oc2ccccc2C#N)ncn1,9,0,5,403.1168206
CBN,6.45,0,0,43.05932959
C=Cc1ccccc1,2,0,0,104.0626003
O=P(Cl)(Oc1ccccc1)Oc1ccccc1,16.75,0,3,268.0056085
COC(=O)OC(=O)OC,4,0,5,134.0215233
CCCCCCCCO,10.34,0,1,130.1357652
CCCCC(CC)CO,7.611,0,1,130.1357652
CC(=O)CC(C)C,2.02,0,1,100.088815
CC(C)CCC(=O)[O-],,0,2,115.0764532
NCCNCCN,12.63,0,0,103.1109474
FC(F)(F)C(Cl)Cl,,3,0,151.9407401
FC(F)(F)C(F)(F)C(Cl)Cl,3.8,5,0,201.9375465
FC(Cl)C(F)(F)C(F)(F)Cl,4.4,5,0,201.9375465
CCCCCCCCCCCCCCCC(=O)O,3876,0,2,256.2402303
ClC(Cl)(Cl)Cl,2.24,0,0,151.8754107
CN(C)C=O,37.06,0,1,73.05276384
C=C(C)C(=O)OCC(O)COc1ccc(C(C)(C)c2ccc(OCC(O)COC(=O)C(=C)C)cc2)cc1,,0,8,512.2410181
C1CCCCC1,2,0,0,84.09390038
ClCCl,8.93,0,0,83.95335542
CCCCCC,1.88,0,0,86.10955045
C[Si](C)=O,2.5,0,1,74.01879134
CCCC(=O)CC(=O)[O-],16,0,3,129.0557177
CCCCCCCCCC(=O)O,2169,0,2,172.1463299
CN(CCO)CCO,2.77,0,2,119.0946287
CCCCCCCC/C=C\CCCCCCCC(=O)OCC(COC(=O)CCCCCCC/C=C\CCCCCCCC)OC(=O)CCCCCCC/C=C\CCCCCCCC,3.21,0,6,884.783291
C=CC,1.23,0,0,42.04695019
CCCCCCCCc1ccccc1,2.26,0,0,190.1721507
CCCCCCCCCCCCCC,2.06,0,0,198.234751
CCCCCCCCC(O)CCC,4,0,1,186.1983655
NCCNCCNCCN,0.1435,0,0,146.1531466
CN(C)C(=O)Nc1ccc(Cl)c(Cl)c1,,0,1,232.0170183
O=C(CS)OCCOC(=O)CS,,0,4,210.0020508
c1ccc2c(c1)-c1nc3nc(nc4[nH]c(nc5[nH]c(nc-2n1)c1ccccc51)c1ccccc41)-c1ccccc1-3,8.85,0,0,514.1654426
NCCO,13.6,0,1,61.05276384
CNCCO,,0,1,75.06841391
CCCCNCCO,,0,1,117.1153641
CCC(=O)O,3.2,0,2,74.03677943
CC(=O)O,6.2,0,2,60.02112937
O=Cc1ccccc1,17.8,0,1,106.0418648
O=C([O-])[O-],64.92,0,3,59.98584102
[O-][Si]([O-])([O-])[O-],1992,0,4,91.95877933
C=CC(C)(O)CCC=C(C)C,1.98,0,1,154.1357652
CCCC(=O)OCC,5.18,0,2,116.0837296
C=C(C)C1CC=C(C)CC1,2.3,0,0,136.1252005
CCCCOC(C)=O,5.1,0,2,116.0837296
CCCCCOC(C)=O,5,0,2,130.0993797
CC(C)CCCC(=O)[O-],,0,2,129.0921032
CCCCCCOC(C)=O,,0,2,144.1150298
Nc1nc(N)nc(NC2CC2)n1,,0,0,166.0966943
NC(CO)(CO)CO,4.2,0,3,121.0738932
C[Si](C)(C)O[Si](C)(C)C,,0,1,162.0896183
OCCN(CCO)CCO,29.36,0,3,149.1051933
C=CC(=O)OCCCC,,0,2,128.0837296
NC(N)=O,97,0,1,60.03236275
O=P([O-])([O-])[O-],105,0,4,94.95506585
CCN(CC)CC,2.4,0,0,101.1204495
CC(C)=CCOP(=O)(O)OP(=O)(O)O,37.78,0,7,246.005826
Cc1cccc(C)c1,2.35,0,0,106.0782503
C=CC(=O)OCCCCO,,0,3,144.0786442
C=CC(=O)OCCO,,0,3,116.0473441
CCCCCCCCCCCCCC(=O)O,,0,2,228.2089301
CCCCCCCCCCCCCCCCCC(=O)O,11.92,0,2,284.2715304
O=COCC(COC=O)OC=O,4266,0,6,176.032088
Nc1ncnc2c1ncn2C1OC(COP(=O)(O)OP(=O)(O)O)C(O)C1O,133,0,10,427.0294149
C1=[SH]CCC1,5.1,0,0,88.03467126
C=CC(=O)OCC(CC)(COC(=O)C=C)COC(=O)C=C,,0,6,296.1259884
C=CC(=O)OCC(CO)(COC(=O)C=C)COC(=O)C=C,,0,7,298.1052529
Cn1cc(NC(=O)c2nc(NC(=O)c3nc(NC=O)cn3C)cn2C)nc1C(=O)NCC[NH+](C)C,,0,4,486.2320248
CC(O)CO,27.5,0,2,76.0524295
CCC(C)C(NC(=O)CN)C(=O)NCC(=O)NC(C)C(=O)NC(C(=O)NC(CC(C)C)C(=O)NC(CCCCN)C(=O)NC(C(=O)NC(CC(C)C)C(=O)NC(C(=O)NC(C(=O)NCC(=O)NC(CC(C)C)C(=O)N1CCCC1C(=O)NC(C)C(=O)NC(CC(C)C)C(=O)NC(C(=O)NC(CO)C(=O)NC(Cc1c[nH]c2ccccc12)C(=O)NC(C(=O)NC(CCCCN)C(=O)NC(CCCNC(=N)N)C(=O)NC(CCCCN)C(=O)NC(CCCNC(=N)N)C(=O)NC(CCC(N)=O)C(=O)NC(CCC(N)=O)C(N)=O)C(C)CC)C(C)CC)C(C)O)C(C)O)C(C)C)C(C)C,5570,0,31,2844.754172
CCCCC,1.82,0,0,72.09390038
CCCCCCCC,1.95,0,0,114.1408506
CCCCCCCCC,1.99,0,0,128.1565006
CCCCCCCCCC,2,0,0,142.1721507
CCCCCCCCCCC,2.01,0,0,156.1878008
CCCCCCCCCCCC,2.04,0,0,170.2034508
CCCCCCCCCCCCC,2.03,0,0,184.2191009
CCCCCCCCCCCCCCC,2.2,0,0,212.250401
CC(C)(c1ccc(O)cc1)c1ccc(O)cc1,2.9,0,2,228.1150298
C1=Cc2ccccc2C1,,0,0,116.0626003
O=C(O)c1nc(Cl)ccc1Cl,,0,2,190.9540837
CCCCCCCC(=O)CC(=O)[O-],,0,3,185.118318
CCCCCCCCCC(=O)CC(=O)[O-],,0,3,213.1496181
CCCCOC(=O)CCCCC(=O)OCCCC,,0,4,258.1831093
CCCCCCCCOC(=O)CCCCC(=O)OCCCCCCCC,,0,4,370.3083098
CCOC(=O)CCCCCCCC(=O)OCC,,0,4,244.1674592
CCCCOC(=O)CCCCCCCC(=O)OCCCC,,0,4,300.2300595
CCCCCCCCOC(=O)CCCCCCCC(=O)OCCCCCCCC,,0,4,412.35526
CCOC(=O)CCCCCCCCC(=O)OCC,,0,4,258.1831093
COC(=O)c1c(Cl)c(Cl)c(C(=O)OC)c(Cl)c1Cl,,0,4,329.9020194
O=C([O-])Cc1ccccc1,5.4,0,2,135.045153
CC(=O)NC1[C@H](O)[C@H](O)C(CO)O[C@H]1COC[C@@H]1C(CO)O[C@@H](COC[C@@H]2C(CO)O[C@@H](O)C(NC(C)=O)[C@@H]2O)C(NC(C)=O)[C@@H]1O,,0,16,683.3112825
NCC(=O)O,64.02,0,2,75.0320284
O=C1c2c(O)ccc(O)c2C(=O)c2c(NCCNCCO)ccc(NCCNCCO)c21,,0,6,444.2008846
CCCCCCCCCCCCCCCC(=O)[O-],,0,2,255.2329538
CCCCCCCCCCCCCCCCCC(=O)[O-],,0,2,283.2642539
CCCCCCCCCC(=O)OCCCCCC,,0,2,256.2402303
CCCCCCCCCCOC(=O)CCCCCCCCC,,0,2,312.3028305
CCCCCCCCCCCC(=O)OCCCC,,0,2,256.2402303
CCCCCCCCCCCC(=O)OCCCCCCCC,,0,2,312.3028305
CCCCCCCCCCCCOC(=O)CCCCCCCCCCC,,0,2,368.3654308
CCCCCCCCCCCCCCCC(=O)OCCCCCCCC,,0,2,368.3654308
CCN1CCCC1CNC(=O)c1cc(S(N)(=O)=O)ccc1OC,,0,4,341.1409272
CCOCCOCCO,12.6,0,3,134.0942943
CONC(=O)COc1ccc(Cl)cc1C,10,0,3,229.0505709
N[C@H]1C=C(CO)[C@@H](O)[C@H](O)[C@H]1O,,0,4,175.0844579
N#Cc1ccc([N+](=O)[O-])n1CCO,,0,3,181.0487411
CCC(=O)c1ccccc1,15.5,0,1,134.0731649
CC(=O)c1ccccc1,17.44,0,1,120.0575149
CN1CCCC1=O,32.2,0,1,99.06841391
O=CO,58,0,2,46.0054793
COc1cc(/C=C/C(=O)CC(=O)/C=C/c2ccc(O)c(OC)c2)ccc1O,24.5,0,6,368.1259884
C=CN1CCCC1=O,,0,1,111.0684139
CC(O)(c1ccc(Cl)cc1)c1ccc(Cl)cc1,3.107,0,1,266.0265204
C1CCN2C[C@@H]3C[C@@H](CN4CCCC[C@H]34)[C@@H]2C1,,0,0,234.2095988
OCC(O)COCC(O)CO,34,0,5,166.0841235
OCC(O)CO,45.8,0,3,92.04734412
Cc1ccccc1C,2.56,0,0,106.0782503
CCCCCCCCCCCCCCCC,2.046,0,0,226.2660511
COc1cc(O)cc2c1C(=O)CC(c1ccccc1)O2,,0,4,270.0892089
COc1cc(O)cc(O)c1C(=O)/C=C/c1ccccc1,,0,4,270.0892089
OCCS,,0,1,78.01393581
O=C(O)CN(CCN(CC(=O)O)CC(=O)O)CC(=O)O,37.2,0,8,292.0906655
C1N2CN3CN1CN(C2)C3,0.26,0,0,140.1061964
COC(C)(C)C,4.5,0,1,88.088815
c1ccsc1,2.727,0,0,84.00337113
COCCOCCOCCOC,7.63,0,4,178.1205091
CCCCCCCCCCCCCCCCCC[Si](Cl)(Cl)Cl,,0,0,386.1730108
CCCCCCCCCCCCCCCCCC[Si](C)(Cl)Cl,,0,0,366.2276332
CCCCCCCCCCCCCC[Si](Cl)(Cl)Cl,,0,0,330.1104105
CCCCCCCCCC[Si](Cl)(Cl)Cl,,0,0,274.0478102
CCCCCC[Si](Cl)(Cl)Cl,,0,0,217.98521
CCCCC(CC)COC(=O)c1ccccc1C(=O)OCC(CC)CCCC,5.3,0,4,390.2770097
CCNCC,3.6,0,0,73.08914935
CC(O)C(=O)O,22,0,3,90.03169405
CC(C)(C)CC(=O)[O-],,0,2,115.0764532
COCCOC,7.2,0,2,90.06807956
CN(C)CCCN1c2ccccc2Sc2ccccc21,,0,0,284.1347196
CSc1ccc2c(c1)N(CCC1CCCCN1C)c1ccccc1S2,,0,0,370.1537408
OC1C2COC(O2)C(O)C1O,,0,5,162.0528234
O=C(O)C(=O)O,31.6,0,4,89.99530854
CCCCC(C)(C)C,,0,0,114.1408506
OC[C@H]1O[C@@H](SCCc2ccccc2)[C@H](O)[C@@H](O)[C@@H]1O,,0,5,300.1031447
CC(C)=CCC/C(C)=C/C=O,,0,1,152.1201151
CC1=CCC(O)(C(C)C)CC1,,0,1,154.1357652
Cc1ccc(C(C)C)cc1,2.24,0,0,134.1095504
CC(C)=CCC/C(C)=C/CO,,0,1,154.1357652
O=C[C@H](O)[C@@H](O)[C@H](O)[C@H](O)CO,73.4,0,6,180.0633881
CC(C)CCCCCCCCC[C@@H]1CC(=O)N[C@@H](CCC(=O)O)C(=O)N[C@@H](CC(C)C)C(=O)N[C@H](CC(C)C)C(=O)N[C@@H](C(C)C)C(=O)N[C@@H](CC(=O)O)C(=O)N[C@H](CC(C)C)C(=O)N[C@@H](CC(C)C)C(=O)O1,,0,13,1035.683136
COCCOCCOCCOCCOC,7.81,0,5,222.1467238
OCCOCCOCCO,23.7,0,4,150.0892089
[CH2]C,5.02,0,0,29.03912516
[CH2]CC,,0,0,43.05477522
COC(=O)C1=C(C#N)NC(C)=C(C(=O)OC(C)C)C1c1cccc([N+](=O)[O-])c1,,0,6,385.1273853
CC(=O)CCl,,0,1,92.00289246
c1ccc(-c2ccc(-c3ccccc3)cc2)cc1,,0,0,230.1095504
OC[C@H]1O[C@H](O[C@]2(CO)O[C@H](CO)[C@@H](O)[C@@H]2O)[C@H](O)[C@@H](O)[C@@H]1O,73.6,0,11,342.1162115
O=[N+]([O-])[O-],,0,3,61.98836644
O=S(=O)([O-])[O-],5294,0,4,95.95282664
CCO[Si](OCC)(OCC)OCC,3.65,0,4,208.1130857
C=C,2.3,0,0,28.03130013
[CH]=C,,0,0,27.0234751
CCC,1.5,0,0,44.06260026
CCCC,1.7,0,0,58.07825032
ClC=C(Cl)Cl,3.4,0,0,129.9143831
CCc1ccccc1,2.4,0,0,106.0782503
c1ccc2c(c1)ccc1ccccc12,3.85,0,0,178.0782503
c1ccc(-c2ccc3ccccc3c2)cc1,,0,0,204.0939004
c1ccc2c(c1)CCCC2,2.77,0,0,132.0939004
CCCCCl,7.28,0,0,92.03927797
COc1ccc2c(C(=S)N(C)CC(=O)O)cccc2c1C(F)(F)F,6.11,3,3,357.064649
O=C(O)[C@H]1O[C@@H](Oc2cc3oc(-c4ccc(O)cc4)cc(=O)c3c(O)c2O)[C@H](O)[C@@H](O)[C@@H]1O,,0,12,462.079826
O=[Sn],78.5,0,1,135.8971093
CCN,15600,0,0,45.05784922
Nc1ncnc2c1ncn2C1CC(O)C(COP(=O)(O)OP(=O)(O)OP(=O)(O)O)O1,,0,12,491.0008308
CN(C)C1C(=O)/C(=C(/N)O)C(=O)[C@@]2(O)C(=O)C3=C(O)c4c(O)cccc4[C@@](C)(O)[C@H]3C[C@@H]12,2.4,0,8,444.1532657
C=CCn1c(=O)n(CC=C)c(=O)n(CC=C)c1=O,,0,3,249.1113413
CCN(CC)CC(=O)Nc1cccc(OCc2ccccc2)c1,,0,2,312.183778
OC[C@H]1OC[C@H](O)[C@@H](O)[C@@H]1O,,0,5,164.0684735
C#C,2.85,0,0,26.01565006
CC,46.68,0,0,30.04695019
COC(=O)CCCCC(=O)OC,,0,4,174.0892089
CO[C@H]1O[C@H](CO)[C@@H](O)[C@H](O)[C@@H]1O,5.987,0,6,194.0790382
CCCCCCO,13.02,0,1,102.1044651
CCCCCCCO,11.48,0,1,116.1201151
CCCCCCCCCCO,2,0,1,158.1670653
O=c1c2cc(O)c(O)cc2oc2cc(O)c([C@@H]3O[C@H](CO)[C@@H](O)[C@H](O)[C@H]3O)c(O)c12,,0,11,422.0849114
O=c1cc(-c2ccccc2)oc2cc(O)cc(O)c12,,0,4,254.0579088
Oc1ccc(/C=C/c2cc(O)cc(O)c2)cc1,,0,3,228.0786442
c1ccc2c(c1)CCC2,,0,0,118.0782503
O=COCc1ccccc1,,0,2,136.0524295
[O-]Cc1cccc2cc3ccccc3cc12,,0,1,207.0815386
OCc1ccccc1,12.46,0,1,108.0575149
CCO[SiH](OCC)OCC,,0,3,164.0868709
C=CC1CCC(C=C)C1,,0,0,122.1095504
CC(=O)Nc1ccc(O)cc1,2.8,0,2,151.0633285
OC[C@H]1O[C@@H](O)[C@H](O)[C@@H]1O,,0,5,150.0528234
C1CCC2CCCCC2C1,2.2,0,0,138.1408506
CO[C@]1(C(=O)O)C[C@H](O)[C@@H](NC(C)=O)[C@H]([C@H](O)[C@H](O)C[NH3+])O1,,0,8,323.1448921
CC1CCCCC1,2.1,0,0,98.10955045
CCCCCCCCCCCCCCCCCC(=O)OCC(COC(=O)CCCCCCCCCCCCCCCCC)OC(=O)CCCCCCCCCCCCCCCCC,3.02,0,6,890.8302412
CC(C)CO,17.7,0,1,74.07316494
CCCCCO,1.8,0,1,88.088815
CNN,,0,0,46.05309819
CCCCCCCC/C=C\CCCCCCCC(=O)OCCCCCCCCCC,,0,2,422.412381
Nc1cccc(N)n1,11,0,0,109.0639972
CCCc1cc(O)nc(S)n1,,0,1,170.0513839
COC,2.41,0,1,46.04186481
BrC(Br)C(Br)Br,,0,0,341.6889985
CCCC(=O)O,2.88,0,2,88.0524295
c1ccncc1,13.26,0,0,79.04219916
CCCCOCCCC,3.22,0,1,130.1357652
CC(C)COC(=O)C(C)C,4.39,0,2,144.1150298
CCC(C)Cl,8.136,0,0,92.03927797
CCCCC=O,10,0,1,86.07316494
O=C(O)c1cccnc1,,0,2,123.0320284
C1=CCNC=C1,,0,0,81.05784922
ICI,5.32,0,0,267.8245961
CC(C)CCCC(C)CCCC(C)CCCC(C)C,,0,0,268.3130013
C1CCCC1,1.96,0,0,70.07825032
ClC(Cl)=C(Cl)Cl,2.27,0,0,163.8754107
S=C=S,2.641,0,0,75.944142
OCCNCCO,61.3,0,2,105.0789786
Cn1cccc1,,0,0,81.05784922
Clc1ccccc1,5.69,0,0,112.0079778
O=C(O)CC(O)(CC(=O)O)C(=O)O,36,0,7,192.0270026
COC(=O)CCC(C)=O,,0,3,130.0629942
CNC=O,171,0,1,59.03711378
NC=O,111,0,1,45.02146372
CCCCCCCCCO,8.58,0,1,144.1514153
c1ccc2[nH]nnc2c1,,0,0,119.0483472
Cc1ccc2[nH]nnc2c1,,0,0,133.0639972
FF,,2,0,37.99680644
CC(C)c1ccc2ccccc2c1C(C)C,,0,0,212.1565006
CC(C)CCO,15.2,0,1,88.088815
CCCCCC(C)C,1.94,0,0,114.1408506
O=C(O)CS,,0,2,91.99320037
Cn1c(=O)c2[nH]cnc2n(C)c1=O,,0,2,180.0647255
Nc1ccccc1[N+](=O)[O-],,0,2,138.0429274
CCCCCC(=O)[O-],,0,2,115.0764532
C=CCC(=O)[O-],,0,2,85.02950298
CCC(C)C(C)=O,,0,1,100.088815
CC(C)(C)O,12.47,0,1,74.07316494
N#Cc1ccccc1,26.5,0,0,103.0421992
CC=CCCC,,0,0,84.09390038
NCCS,32,0,0,77.02992022
C1COCCN1,7.42,0,1,87.06841391
CC(C)(N)CO,,0,1,89.08406397
Nc1ccn([C@H]2C[C@H](O)[C@@H](COP(=O)(O)O)O2)c(=O)n1,-4.5,0,7,307.0569364
COC(=O)OC,3.107,0,3,90.03169405
O=c1c(O[C@@H]2O[C@H](CO)[C@H](O)[C@H](O)[C@H]2O)c(-c2ccc(O)c(O)c2)oc2cc(O)cc(O)c12,,0,12,464.0954761
O=c1oc(=O)c2cc3c(=O)oc(=O)c3cc12,3.6,0,6,217.9851378
CSCC1OC(n2cnc3c(N)ncnc32)C(O)C1O,,0,3,297.0895603
CC(=O)O[C@]1(C(C)=O)CC[C@H]2[C@@H]3C[C@H](C)C4=CC(=O)CC[C@]4(C)[C@H]3CC[C@@]21C,600,0,4,386.2457096
CCCCC[N+](CC)(CC)CC,,0,0,172.2059763
C=CC(=O)NCOOC(C)(C)C,,0,3,173.1051933
CN(CCCNC(=O)CCCCC1SC[C@@H]2NC(=O)N[C@H]12)CCCNc1ccc(N=[N+]=[N-])cc1[N+](=O)[O-],,0,4,533.2532716
NC(CS)C(=O)O,,0,2,121.0197495
COc1ccccc1,4.33,0,1,108.0575149
CCC1(c2ccccc2)C(=O)NC(=O)NC1=O,,0,3,232.0847922
C[Si](C)(C)O[Si](C)(C)O[Si](C)(C)C,,0,2,236.1084096
C[Si](C)(C)O[Si](C)(C)O[Si](C)(C)O[Si](C)(C)C,,0,3,310.1272009
C[Si]1(C)O[Si](C)(C)O[Si](C)(C)O[Si](C)(C)O1,,0,4,296.0751654
C[Si]1(C)O[Si](C)(C)O[Si](C)(C)O[Si](C)(C)O[Si](C)(C)O1,,0,5,370.0939567
Cc1ncc(C[n+]2csc(CCOP(=O)(O)OP(=O)(O)O)c2C)c(N)n1,3.7,0,7,425.0444196
CCCCOCC,,0,1,102.1044651
CCCCCCCOC,,0,1,130.1357652
CCCCCOCCCCC,3.1,0,1,158.1670653
CCCCCCCCOCC,,0,1,158.1670653
CCCCCCCCOCCCCCCCC,,0,1,242.2609657
CCCCCCCCCCCCCCCCCCOCC,,0,1,298.323566
CCCCCCCCCCCO,20,0,1,172.1827154
CCCCCCCC/C=C\CCCCCCCCO,3.8,0,1,268.2766158
CCC1CCCCC1,,0,0,112.1252005
CCCC1CCCCC1,,0,0,126.1408506
CCCCC1CCCCC1,,0,0,140.1565006
CCCCCC1CCCCC1,,0,0,154.1721507
CCCc1ccccc1,4.79,0,0,120.0939004
CCCCc1ccccc1,2.36,0,0,134.1095504
CCCCCc1ccccc1,,0,0,148.1252005
O=C(/C=C/c1ccc(O)cc1)CC(=O)/C=C/c1ccc(O)cc1,,0,4,308.104859
Nc1nc(=O)c2ncn([C@@H]3O[C@H](CO)[C@@H](O)[C@H]3O)c2[nH]1,,0,5,283.0916685
CC[C@@]1(O)C(=O)OCc2c1cc1n(c2=O)Cc2cc3cc(O)ccc3nc2-1,,0,5,364.1059216
PCP,10,0,0,79.99447345
[2H]O[2H],78.54,0,1,20.02311818
C[SiH2]C,2.7,0,0,60.03952679
O=c1c(-c2ccc(O)cc2)coc2cc(O)ccc12,,0,4,254.0579088
O=c1c(-c2ccc(O)cc2)coc2cc(O)cc(O)c12,,0,5,270.0528234
O=C([O-])CF,,1,2,77.0044311
CCl,3300,0,0,49.99232778
O=S1(=O)CCCC1,43,0,2,120.0245005
CC(C)c1ccccc1,2.4,0,0,120.0939004
OC[C@H]1O[C@H](O)[C@@H](O)[C@@H](O)[C@@H]1O,,0,6,180.0633881
CCCCc1ccc(N=Cc2ccc(OC)cc2)cc1,5.2,0,1,267.1623143
O=[N+]([O-])c1cc([N+](=O)[O-])c(Nc2c([N+](=O)[O-])cc([N+](=O)[O-])cc2[N+](=O)[O-])c([N+](=O)[O-])c1,,0,12,438.9996186
O=C1CCCN1,39.2,0,1,85.05276384
CCN(CC)N=O,,0,1,102.0793129
Cc1ccc(C)cc1,2.27,0,0,106.0782503
OCCCCO,31.537,0,2,90.06807956
COO,1,0,2,48.02112937
[O-]Cc1ccccc1C=Cc1ccccc1,,0,1,209.0971886
O=[N+]([O-])c1ccccc1,34.78,0,2,123.0320284
CC(C)(C)c1ccccc1,2.359,0,0,134.1095504
CCC(C)CC,1.9,0,0,86.10955045
Fc1ccccc1,5.42,1,0,96.03752838
Fc1c(F)c(F)c(F)c(F)c1F,4000,6,0,185.9904193
Cc1cccc2ccccc12,2.78,0,0,142.0782503
CCCC(C)O,14.71,0,1,88.088815
CCCCC(C)O,11.1,0,1,102.1044651
CCCCCCC(C)O,8.2,0,1,130.1357652
OC1CCCC1,16.99,0,1,86.07316494
CC(C)OC(C)C,3.8,0,1,102.1044651
CCC(C)=O,18.2,0,1,72.05751488
CCOC(=O)OCC,2.805,0,3,118.0629942
CC(=O)N(C)C,37.8,0,1,87.06841391
Nc1ccccc1,6.89,0,0,93.05784922
CN(C)P(=O)(N(C)C)N(C)C,31.3,0,1,179.1187488
CC(=O)OC(C)=O,21,0,3,102.0316941
Cn1ccnc1,33.4,0,0,82.05309819
C[N+](=O)[O-],36.7,0,2,61.01637834
COCCO,17.2,0,2,76.0524295
CCOCCO,,0,2,90.06807956
CCCOCCO,,0,2,104.0837296
CCCCOCCO,9.57,0,2,118.0993797
CCCCCOCCO,,0,2,132.1150298
CCCCCCOCCO,,0,2,146.1306798
CCCCCCCCOCCO,,0,2,174.1619799
CCCCCCCCCCOCCO,,0,2,202.1932801
CCCC(C)=O,15.2,0,1,86.07316494
O=C([O-])CC1CCCCC1,,0,2,141.0921032
O=P(O)(O)O,18.9,0,4,97.97689521
O=c1cc(-c2ccc(O)cc2)oc2cc(O)c([C@@H]3O[C@H](CO)[C@@H](O)[C@H](O)[C@H]3O)c(O)c12,,0,10,432.1056468
O=C(O)CC12CC3CC(CC(C3)C1)C2,,0,2,194.1306798
CC(C)[C@]12O[C@H]1[C@@H]1O[C@@]13[C@@]1(C)CCC4=C(COC4=O)[C@@H]1C[C@@H]1O[C@@]13[C@@H]2O,,0,6,360.1572885
CC(C)CC(C)OC(=O)/C=C\C(=O)OC(C)CC(C)C,,0,4,284.1987594
CC(Cl)Cl,10.36,0,0,97.96900549
C[C@@H](Cc1ccccc1)C(N)=O,2.2,0,1,163.099714
O=C1OC2(c3ccc(O)cc3Oc3cc(O)ccc32)c2ccccc21,4,0,5,332.0684735
C=CC(=O)O,4.7,0,2,72.02112937
CC(=O)CC(C)=O,25.7,0,2,100.0524295
COc1ccc(CCN)cc1OC,,0,2,181.1102787
NCCCCN,,0,0,88.10004838
O=c1nc2[nH][nH]nc-2c(=O)[nH]1,,0,2,153.0286743
CSC[C@H]1N[C@@H](c2c[nH]c3c(N)ncnc23)[C@H](O)[C@@H]1O,,0,2,295.1102958
CC(C)(Oc1ccc(CC(=O)Nc2cccc(NC(=O)Cc3ccc(OC(C)(C)C(=O)O)cc3)c2)cc1)C(=O)O,,0,8,548.215866
CC12CCC(CC1)C(C)(C)O2,,0,1,154.1357652
CC(C)Cc1ccc(C(C)C(=O)O)cc1,16,0,2,206.1306798
CPC,,0,0,62.02853685
O=CN1CCOCC1,,0,2,115.0633285
O=C(CCC(=O)OCC=Cc1ccccc1)OCC=Cc1ccccc1,,0,4,350.1518092
O=C(CCCC(=O)OCC=Cc1ccccc1)OCC=Cc1ccccc1,,0,4,364.1674592
COP(=S)(OC)SCN1C(=O)c2ccccc2C1=O,5,0,4,316.9945365
COc1cc(/C=C/C(=O)CC(=O)/C=C/c2ccc(O)c(OC(OC)OC)c2)ccc1O,,0,8,428.1471177
COc1cc(/C=C/C(=O)CC(=O)/C=C/c2ccc(O)c(OCCl)c2)ccc1O,,0,6,402.087016
CN1CCCC1c1cccnc1,,0,0,162.1156984
C=COC(=O)[O-],,0,3,87.00876754
O=C[C@@H](NC(=O)Cc1cccs1)[C@@H]1N=C(C(=O)O)CCS1,,0,4,326.0394989
Nc1ncnc2ncn([C@H]3O[C@H](COP(=O)(O)O)[C@@H](O)[C@H]3O)c12,,0,7,347.0630844
CC/C=C/CCO,,0,1,100.088815
CC(C)(C)NCC(O)c1ccc(O)c(CO)c1,,0,3,239.1521435
OC1CCCCC1,15,0,1,100.088815
O=C1OC2(c3ccc(O)cc3Oc3cc(O)ccc32)c2ccc(N=C=S)cc21,500,0,5,389.0357935
Nc1ncnc2c1ncn2[C@@H]1O[C@H](COP(=O)(O)OC(=O)[C@@H](N)CC(=O)O)[C@@H](O)[C@H]1O,,0,10,462.0900274
OCc1cccs1,,0,1,114.0139358
CCCc1nc(C(C)(C)O)c(C(=O)O)n1Cc1ccc(-c2ccccc2-c2nn[nH]n2)cc1,,0,3,446.2066387
O=C(O)c1ccco1,,0,3,112.016044
CC[C@@]1(O)C(=O)OCc2c1cc1n(c2=O)Cc2cc3ccccc3nc2-1,,0,4,348.111007
C1=Cc2cc3ccc(cc4nc(cc5ccc(cc1n2)[nH]5)C=C4)[nH]3,105,0,0,310.1218464
c1cc2cc3nc(cc4ccc(cc5nc(cc1[nH]2)CC5)[nH]4)CC3,,0,0,314.1531466
C[C@@H]1O[C@@H](OC[C@H]2O[C@@H](OCCc3ccc(O)c(O)c3)[C@H](O)[C@@H](O)[C@@H]2OC(=O)/C=C/c2ccc(O)c(O)c2)[C@H](O)[C@H](O)[C@H]1O,,0,15,624.2054205
C[C@@H]1O[C@@H](OC[C@H]2O[C@@H](Oc3c(-c4ccc(O)c(O)c4)oc4cc(O)cc(O)c4c3=O)[C@H](O)[C@@H](O)[C@@H]2O)[C@H](O)[C@H](O)[C@H]1O,,0,16,610.1533849
CC(C)(C)NCC(O)c1cc(Cl)c(N)c(Cl)c1,,0,1,276.0796186
OCC1OC(n2cnc3c2NC=NC[C@H]3O)CC1O,,0,4,268.117155
C1=CCC=C1,,0,0,66.04695019
C[C@@H](c1ccccc1)N(C)C=O,,0,1,163.099714
CCCCCC(O)CC,,0,1,130.1357652
CC(=O)CC(C)(C)O,15.38,0,2,116.0837296
CCCCC(=O)[O-],,0,2,101.0608031
COc1ccccc1C(=O)[O-],,0,3,151.0400677
BrC(Br)Br,4.4,0,0,249.7628363
O=CC=Cc1ccccc1,13.3,0,1,132.0575149
COC(=O)[C@@H]1C2CCC(C[C@@H]1OC(=O)c1ccccc1)N2C,,0,4,303.1470582
CC(C)(C)c1cc(O)ccc1O,,0,2,166.0993797
FC(F)(F)C1(F)C(F)(F)C(F)(F)C(F)(F)C(F)(F)C1(F)F,1.86,14,0,349.9776451
FC(F)(F)C1(C(F)(F)F)C(F)(F)C(F)(F)C(F)(F)C(F)(F)C1(F)F,,16,0,399.9744515
Fc1c(F)c(F)c2c(c1F)c(F)c(F)c1c(F)c(F)c(F)c(F)c12,,10,0,357.9840322
FC(F)(F)C(F)(F)C(F)(F)C(F)(F)C(F)(F)C(F)(F)C(F)(F)C(F)(F)Br,,17,0,497.8911918
CCCC(C)C,1.89,0,0,86.10955045
C=CCCCC,,0,0,84.09390038
CCCCC(C)C,,0,0,100.1252005
Cc1cccc(C)c1C,2.38,0,0,120.0939004
c1ccc2ccccc2c1,10.77,0,0,128.0626003
O=C(O)[C@@H]1CCCN1,2.38,0,2,115.0633285
O=S(=O)(O)O,101,0,4,97.96737954
CCO[Si](CCCN)(OCC)OCC,3.57,0,3,221.1447201
NCCCCC(N)C(=O)O,70.9,0,2,146.1055277
CC(=O)O[C@@]12CO[C@@H]1C[C@H](O)[C@@]1(C)C(=O)[C@H](O)C3=C(C)[C@@H](OC(=O)[C@H](O)[C@@H](NC(=O)OC(C)(C)C)c4ccccc4)C[C@@](O)([C@@H](OC(=O)c4ccccc4)[C@@H]12)C3(C)C,,0,14,807.3466054
CC[N+](=O)[O-],28,0,2,75.0320284
CCC(C)(C)C(=O)O[C@H]1C[C@@H](C)C=C2C=C[C@H](C)[C@H](CC[C@@H]3C[C@@H](O)CC(=O)O3)[C@H]21,,0,5,418.2719243
[O-]B([O-])[O-],80,0,3,58.995695
COc1cc(C2Oc3cc(C4Oc5cc(O)cc(O)c5C(=O)C4O)ccc3OC2CO)ccc1O,,0,10,482.1212969
C=CCc1ccc(O)c(OC)c1,,0,2,164.0837296
COc1ccc([C@@H]2CC(=O)c3c(O)cc(O)cc3O2)cc1O,,0,6,302.0790382
COc1cc2ccc(=O)oc2cc1O,80.16,0,4,192.0422587
C=C1CCC2(C(C)C)CC12,,0,0,136.1252005
CC1=CCC(=C(C)C)CC1,,0,0,136.1252005
c1ccc2cc3ccccc3cc2c1,3,0,0,178.0782503
Cn1nnnc1SCC1=C(C(=O)O)N2C(=O)[C@@H](NC(=O)[C@H](O)c3ccccc3)[C@H]2SC1,,0,5,462.0780097
CCCCOC(=O)c1ccccc1C(=O)O,,0,4,222.0892089
C=CCC(C)C,,0,0,84.09390038
C=CCCCCCCCC,,0,0,140.1565006
C=O,20.7,0,1,30.01056468
C=C(C)C(=O)OCC,,0,2,114.0680796
C=CC#N,7.7,0,0,53.0265491
C=CC(=C)Cl,257,0,0,88.00797784
C=C(C)C(=O)OCc1ccccc1,,0,2,176.0837296
[CH2][CH][CH]C,,0,0,55.05477522
C1=Cc2cccc3cccc1c23,,0,0,152.0626003
CC(=O)OCC(COC(C)=O)OC(C)=O,6.2,0,6,218.0790382
COC(=O)CCC(=O)OC,,0,4,146.0579088
COC(=O)CCCC(=O)OC,,0,4,160.0735589
C/C(C(=O)[O-])=C(\C)C(=O)[O-],,0,4,142.0277058
CC1(C(=O)[O-])CCCC1,,0,2,127.0764532
CCOC(C)(C)C,,0,1,102.1044651
CC(C)CCOCCC(C)C,,0,1,158.1670653
CCCCCCOCCCCCC,,0,1,186.1983655
CCCCCCCOCCCCCCC,,0,1,214.2296656
CC/C(=C(/CC)c1ccc(O)cc1)c1ccc(O)cc1,15.6,0,2,268.1463299
CCCCOP(=O)(OCCCC)OCCCC,8,0,4,266.164696
CCC(=O)OC,6.2,0,2,88.0524295
CCCC(=O)OC,5.48,0,2,102.0680796
CCCCCCC(=O)OC,,0,2,144.1150298
CCO[Si](CCCCCC(C)C)(OCC)OCC,,0,3,276.2120714
CC(C)(C)OC(=O)N[C@H](C=O)C1CCCCC1,9,0,3,241.1677936
C[C@@H]1O[C@@H](O[C@H]2C[C@@H](O)[C@]3(CO)C4C(CC[C@]3(O)C2)[C@@]2(O)CC[C@H](C3=CC(=O)OC3)[C@@]2(C)C[C@H]4O)[C@H](O)[C@H](O)[C@H]1O,,0,12,584.2832768
c1cc2ccc3cccc4ccc(c1)c2c34,28.5,0,0,202.0782503
c1cc2cccc3c4cccc5cccc(c(c1)c23)c54,4,0,0,252.0939004
O=CC=O,,0,2,58.0054793
CCCOC(C)=O,5.52,0,2,102.0680796
Nc1ncnc2c1ccn2[C@@H]1O[C@H](CO)[C@@H](O)[C@H]1O,,0,4,266.1015049
Oc1ccc2c(O)cccc2c1,2.54,0,2,160.0524295
CNC(=O)c1cc(Oc2ccc(NC(=O)Nc3ccc(Cl)c(C(F)(F)F)c3)cc2)ccn1,,3,3,464.0863027
O=c1cc(-c2ccc(O)cc2)oc2cc(O)cc(O)c12,,0,5,270.0528234
O=c1c(O)c(-c2ccc(O)cc2O)oc2cc(O)cc(O)c12,1.04,0,7,302.0426527
O=C1C[C@@H](c2ccc(O)cc2)Oc2cc(O)ccc21,,0,4,256.0735589
CC(C)=CCN1Cc2c(Cl)ccc3[nH]c(=S)n(c23)C[C@@H]1C,,0,0,321.1066463
COc1cc2ncnc(Nc3ccc(F)c(Cl)c3)c2cc1OCCCN1CCOCC1,,1,3,446.1520965
CS(=O)(=O)CCNCc1ccc(-c2ccc3ncnc(Nc4ccc(OCc5cccc(F)c5)c(Cl)c4)c3c2)o1,,1,4,580.1347322
CCN(CC)CCNC(=O)c1c(C)[nH]c(/C=C2\C(=O)Nc3ccc(F)cc32)c1C,,1,2,398.2118043
OCC(c1ccc(Cl)cc1)c1ccc(Cl)cc1,,0,1,266.0265204
CC(C)c1c(C(=O)Nc2ccccc2)c(-c2ccccc2)c(-c2ccc(F)cc2)n1CC[C@@H](O)C[C@@H](O)CC(=O)O,1,1,5,558.2530004
Cc1c(OCC(F)(F)F)ccnc1CS(=O)c1nc2ccccc2[nH]1,,3,2,369.0758823
Clc1ccccc1Cl,10.12,0,0,145.9690055
Oc1cc(O)c2c(c1)O[C@H](c1ccc(O)c(O)c1)[C@@H](O)C2,,0,6,290.0790382
Cc1cccc(O)c1,12.44,0,1,108.0575149
CN(C)c1cccc2c(S(N)(=O)=O)cccc12,,0,2,250.0775987
c1cnc2c(c1)ccc1cccnc12,,0,0,180.0687483
c1cscn1,53,0,0,84.9986201
Clc1ccc(C(c2ccc(Cl)cc2)C(Cl)Cl)cc1,,0,0,317.953661
CC(=O)N(CC(O)CO)c1c(I)c(C(=O)NCC(O)CO)c(I)c(C(=O)NCC(O)CO)c1I,,0,9,820.8803234
[2H]C([2H])([2H])C(=O)C([2H])([2H])[2H],20.7,0,1,64.07952529
[2H]C([2H])([2H])C#N,37.5,0,0,44.04537933
[2H]c1c([2H])c([2H])c([2H])c([2H])c1[2H],2.28,0,0,84.08461067
[2H]C(Br)(Br)Br,,0,0,250.7691131
[2H]C(Cl)(Cl)Cl,4.81,0,0,118.9206598
[2H]C(=O)N(C([2H])([2H])[2H])C([2H])([2H])[2H],36.7,0,1,80.09670107
[2H]C([2H])([2H])S(=O)C([2H])([2H])[2H],46.7,0,1,84.05159629
[2H]OC([2H])([2H])[2H],32.63,0,1,36.05132173
CI,7,0,0,141.9279481
[2H]c1c([2H])c([2H])c2c(C([2H])([2H])[2H])c([2H])c([2H])c([2H])c2c1[2H],,0,0,152.1410178
[2H]c1c([2H])c([2H])c([N+](=O)[O-])c([2H])c1[2H],,0,2,128.0634121
[2H]c1nc([2H])c([2H])c([2H])c1[2H],12.3,0,0,84.07358289
[2H]c1c([2H])c([2H])c(C([2H])([2H])[2H])c([2H])c1[2H],2.4,0,0,100.1128142
Nc1ccn(C2CC(O)C(COP(=O)(O)O)O2)c(=O)n1,171.9,0,7,307.0569364
[O-][Cl+2]([O-])O,4.6,0,3,83.96142157
Nc1nnc(-c2cccc(Cl)c2Cl)c(N)n1,,0,0,255.0078506
O=C1CN=C(c2ccccc2Cl)c2cc([N+](=O)[O-])ccc2N1,,0,3,315.0410689
C[n+]1ccc(-c2c3nc(c(-c4cc[n+](C)cc4)c4ccc([nH]4)c(-c4cc[n+](C)cc4)c4ccc([nH]4)c(-c4cc[n+](C)cc4)c4nc2C=C4)C=C3)cc1,,0,0,678.3197489
CC(C)=CCCC(C)=CC=O,1.6,0,1,152.1201151
CN,-21.1,0,0,31.04219916
CNC,-31,0,0,45.05784922
Cc1c(O)cc2c(c1C)OC(C)(CCCC(C)CCCC(C)CCCC(C)C)CC2,107,0,2,416.3654308
CC(CCC(C)OS(C)(=O)=O)OS(C)(=O)=O,2.7,0,6,274.0544803
NCCc1ccccc1,,0,0,121.0891494
N[C@@H](Cc1c[nH]c2ccccc12)C(=O)O,1800,0,2,204.0898776
COc1ccccc1N,,0,1,123.0684139
FCC(F)(F)F,9,4,0,102.0092629
Brc1cccc2ccccc12,,0,0,205.9731123
O=C1c2ccccc2C(=O)c2ccccc21,,0,2,208.0524295
O[Si](O)(O)O,,0,4,95.98788514
O=Cc1ccco1,41,0,2,96.02112937
C[C@H](N)C(=O)O,2.38,0,2,89.04767846
OC1CNCCN1O,,0,2,118.0742276
Nc1ccccc1Cl,,0,0,127.0188769
Nc1cccc(Cl)c1,,0,0,127.0188769
Cc1ccccc1O,,0,1,108.0575149
Cc1ccc(O)cc1,8.65,0,1,108.0575149
CCCCCCCCCCCCCCCCCCCC(=O)O,2.5,0,2,312.3028305
FC(F)C(F)(F)F,,5,0,119.9998411
FC1(F)C(F)(F)C(F)(F)C1(F)F,1.715,8,0,199.9872258
C=C(C)C(=O)OCCc1ccccc1,,0,2,190.0993797
C=CC(=O)OCCc1ccccc1,,0,2,176.0837296
C=CC(=O)OCCOc1ccccc1,,0,3,192.0786442
COc1c(C)c2c(c(O)c1C/C=C(\C)CCC(=O)OCCN1CCOCC1)C(=O)OC2,,0,7,433.2100523
O=c1ccc2ccccc2o1,,0,2,146.0367794
c1ccc2c(c1)-c1cccc3cccc-2c13,,0,0,202.0782503
O=c1cc(-c2ccc(O)c(O)c2)oc2cc(O)cc(O)c12,,0,6,286.047738
COc1ccc(-c2cc(=O)c3c(O)cc(O)cc3o2)cc1,,0,5,284.0684735
COc1cc(-c2cc(=O)c3c(O)cc(O)cc3o2)cc(OC)c1O,,0,7,330.0739528
COc1ccc(-c2cc(=O)c3c(O)cc(O[C@@H]4O[C@H](CO[C@@H]5O[C@@H](C)[C@H](O)[C@@H](O)[C@H]5O)[C@@H](O)[C@H](O)[C@H]4O)cc3o2)cc1,,0,14,592.1792057
[C]#C,,0,0,25.00782503
COc1c(C)c2c(c(O)c1C/C=C(\C)CCC(=O)O)C(=O)OC2,1.796,0,6,320.1259884
CC1=CCC2C(C)(C)C(=O)CC[C@]2(C)C1COc1ccc2ccc(=O)oc2c1,,0,4,380.1987594
COCOC,2.7,0,2,76.0524295
CCC(Cl)(Cl)C(=O)[O-],,0,2,154.9672083
CCBr,4.9,0,0,107.9574623
N#CC(Cl)Cl,,0,0,108.9486044
CCCCl,8.59,0,0,78.0236279
CC(C)Cl,,0,0,78.0236279
FC(Cl)(Cl)Cl,2.5,1,0,135.9049613
C1=CCCCC1,2,0,0,82.07825032
CCC[N+](=O)[O-],23.2,0,2,89.04767846
CCCCC#N,21,0,0,83.07349929
CCCCC(C)=O,14.56,0,1,100.088815
O=P([O-])([O-])F,,1,3,97.95800587
O=C(Nc1cccc(Cl)c1)OCC#CCCl,97,0,2,257.0010339
CC(=O)N[C@@H](CS)C(=O)O,,0,3,163.0303141
Oc1c(I)cc(Cl)c2cccnc12,,0,1,304.9104395
CC(=O)CC(c1ccccc1)c1c(O)oc2ccccc2c1=O,,0,4,308.104859
C[C@H]1O[C@@H](O[C@H]2[C@@H](O)C[C@H](O[C@H]3[C@@H](O)C[C@H](O[C@H]4CC[C@]5(C)[C@H]6CC[C@]7(C)[C@H](C8=CC(=O)OC8)CC[C@]7(O)[C@@H]6CC[C@@H]5C4)O[C@@H]3C)O[C@@H]2C)C[C@H](O)[C@@H]1O,,0,13,764.4346921
N[C@H](CCC(=O)O)C(=O)O,,0,4,147.0531578
O=C(O)Cc1ccccc1Nc1c(Cl)cccc1Cl,291,0,2,295.016684
C/C=C/C,,0,0,56.06260026
C=CCC,,0,0,56.06260026
C=C(C)C,2.1,0,0,56.06260026
C=CC=C,,0,0,54.04695019
O=C(O)c1cn(C2CC2)c2cc(N3CCNCC3)c(F)cc2c1=O,,1,3,331.1332197
C[C@H]1COc2c(N3CCN(C)CC3)c(F)cc3c(=O)c(C(=O)O)cn1c23,,1,4,361.1437843
O=C(O[C@@H]1Cc2c(O)cc(O)cc2O[C@@H]1c1cc(O)c(O)c(O)c1)c1cc(O)c(O)c(O)c1,,0,11,458.0849114
CC(C)CC(=O)[O-],,0,2,101.0608031
CC(C)C(=O)O,2.6,0,2,88.0524295
CCCCC(=O)O,2.66,0,2,102.0680796
CCCCOC(=O)c1ccccc1C(=O)OCCCC,6.5,0,4,278.1518092
Clc1cccc2ccccc12,5.04,0,0,162.0236279
C=C(C)[C@H]1CC=C(C)CC1,,0,0,136.1252005
CCOC(=O)c1ccccc1C(=O)OCC,7.86,0,4,222.0892089
BPCC,,0,0,74.04566729
CCCCCN,5.36,0,0,87.10479942
CCCCN,4.9,0,0,73.08914935
FCOC(C(F)(F)F)C(F)(F)F,,7,1,200.0072123
CCCCNC(=O)[C@@H](CC(=O)[C@H](CC1CCCCC1)NC(=O)[C@H](Cc1cnc[nH]1)NC(=O)[C@H](Cc1ccccc1)CS(=O)(=O)C(C)(C)C)C(C)C,3.61,0,6,727.4342557
CCCCCCCCCCCCO,5.15,0,1,186.1983655
CC(O)c1ccccc1,,0,1,122.0731649
C=COC(=O)CC,,0,2,100.0524295
CCC(=O)OC(C)c1ccccc1,,0,2,178.0993797
C1=C[NH2+]C=N1,,0,0,69.04472458
c1cc[nH+]cc1,,0,0,80.04947561
C1CC[NH2+]C1,,0,0,72.08077574
C1CC[NH2+]CC1,,0,0,86.0964258
CSSC,9.6,0,0,93.99109219
COP(C)(=O)OC,22.3,0,3,124.0289308
COC(F)(F)C(F)(F)C(F)(F)C(F)(F)F,7.39,9,1,250.0040187
O=[O+][O-],1.95,0,3,47.98474386
CCOP(=O)(OCC)OCC,13.4,0,4,182.0707956
O=C(O)C(F)(F)F,3.8,3,2,113.9928639
CS(=O)(=O)O,20,0,3,95.98811499
O=S(=O)(O)C(F)(F)F,38,3,3,149.9598496
C(=Cc1ccccc1)c1ccccc1,40,0,0,180.0939004
O=C1CCCC1,13.58,0,1,84.05751488
O=c1c(O)c(-c2ccc(O)c(O)c2)oc2cc(O)cc(O)c12,5.9,0,7,302.0426527
CN1C2C[C@H](OC(=O)[C@@H](CO)c3ccccc3)CC1[C@@H](O)C2,,0,4,305.1627082
Cc1cccs1,,0,0,98.01902119
CCCC(=O)OCC(COC(=O)CCC)OC(=O)CCC,,0,6,302.1729386
CCCCCCCC(=O)OCC(COC(=O)CCCCCCC)OC(=O)CCCCCCC,,0,6,470.3607393
C1=C/C(=C/c2ccc[nH]2)N=C1,,0,0,144.0687483
OCCOCCOCCOCCO,20.4,0,5,194.1154237
CCC(C)C,2.016,0,0,72.09390038
CCOC(N)=O,6.9,0,2,89.04767846
Nc1nc2ncc(CNc3ccc(C(=O)N[C@@H](CCC(=O)O)C(=O)O)cc3)nc2c(=O)[nH]1,,0,6,441.1396813
CCCCCCCCCCCCCCCCC,2.06,0,0,240.2817012
CCCCCCCCCCCCCCCCCCC,,0,0,268.3130013
CCCCCCCCCCCCCCCCCCCC,,0,0,282.3286513
CCCCCCCc1ccccc1,2.26,0,0,176.1565006
CCCCCCCCCc1cccc2ccccc12,,0,0,254.2034508
CCC/C=C(\NC(=O)[C@H]1CC1(C)C)C(=O)O,,0,3,225.1364935
CBC,,0,0,42.06408062
CC(=O)C(C)O,,0,2,88.0524295
CCCCCCCCS,3.95,0,0,146.1129216
CC1CCCC1,10.4925,0,0,84.09390038
C1CCCCCC1,10.539,0,0,98.10955045
FC(F)(F)F,1700,4,0,87.99361288
CCCCCCC(=O)[O-],,0,2,129.0921032
CC(C)CC(=O)CC(C)C,,0,1,142.1357652
O=C1CCCCCN1,,0,1,113.084064
CCC(C)c1ccccc1,,0,0,134.1095504
CC1CCCO1,6.2,0,1,86.07316494
Cc1ncc(COP(=O)(O)O)c(CN[C@@H]2CONC2=O)c1O,24.8,0,7,333.0725865
CCOC(=O)c1ccccc1,6,0,2,150.0680796
N#CCc1ccc2ccc3cccc4ccc1c2c34,,0,0,241.0891494
CC1(CC#N)CC=c2ccc3cccc4ccc1c2c43,,0,0,257.1204495
OCCOCCO,31.8,0,3,106.0629942
CCOC=O,8.33,0,2,74.03677943
C1CCCCCCC1,2.11,0,0,112.1252005
C1CCCCCCCCC1,2.191,0,0,140.1565006
C1CCC(C2CCCCC2)CC1,,0,0,166.1721507
C1=CCCCCCC1,2.163,0,0,110.1095504
C1CCC2C(C1)CC1CCCCC12,2.281,0,0,178.1721507
CC1C2CC3CC(C2)CC1(C)C3,2.212,0,0,164.1565006
CC1CCCC2CCCCC12,,0,0,152.1565006
c1ccc(COCc2ccccc2)cc1,3.821,0,1,198.1044651
CSc1ccccc1,4.54,0,0,124.0346713
COc1ccccc1C,3.99,0,1,122.0731649
Cc1cc(C)cc(C)c1,2.27,0,0,120.0939004
Cc1ccc(C)c(C)c1,2.38,0,0,120.0939004
c1ccc(C2CCCCC2)cc1,,0,0,160.1252005
CCC(CC)(C(=O)[O-])C(=O)[O-],7.87,0,4,158.059006
CCCCCC(C)=O,11.95,0,1,114.1044651
[SiH3]c1ccccc1,2.284,0,0,108.0395268
c1ccc([SiH2]c2ccccc2)cc1,2.5,0,0,184.0708269
[SiH2]1[SiH2][SiH2][SiH2][SiH2]1,2.85,0,0,149.962883
CCCCC1C(=O)N(c2ccccc2)N(c2ccccc2)C1=O,,0,2,308.1524779
CCCCCCCCCC[N+](C)(C)O,,0,1,202.2165409
O=C1C(Cl)=C(Cl)C(=O)C(Cl)=C1Cl,,0,2,243.86524
O=[N+]([O-])c1c(Cl)c(Cl)cc(Cl)c1Cl,,0,2,258.876139
C=CC(N)=O,2.108304,0,1,71.03711378
O=C(CCCP(=O)(O)O)NO,,0,5,183.0296591
CC1=C(C(=O)OC(C)C)C(c2cccc([N+](=O)[O-])c2)C(C(=O)OC2CN(C(c3ccccc3)c3ccccc3)C2)=C(N)N1,,0,6,582.2478348
Cc1cc(C)c(C)cc1C,12.0515,0,0,134.1095504
CCC#N,28.9,0,0,55.04219916
CN(C)C(=O)N(C)C,23.6,0,1,116.094963
O=C1N(CO)CCCN1CO,36.1,0,3,160.0847922
O=S1CCCC1,,0,1,104.0295859
ClC(Cl)(Cl)I,,0,0,243.811031
SC(Cl)(Cl)Cl,,0,0,149.8864541
FSC(F)(F)F,,4,0,119.9656839
C#N,,0,0,27.01089903
Cl[Si](Cl)(Cl)C[Si](Cl)(Cl)Cl,,0,0,279.7826192
C1N=N1,,0,0,42.02179806
S=C(S)S,,0,0,109.9318631
CF,301,1,0,34.02187832
NC(=O)NN=O,,0,2,89.02252634
Nc1nnn[nH]1,,0,0,85.0388451
Nc1nn[nH]n1,,0,0,85.0388451
N=C(N)NN=O,,0,1,88.03851075
N=C(N)N[N+](=O)[O-],,0,2,104.0334254
N=C(N)N,,0,0,59.04834716
[SiH3]C[SiH3],,0,0,76.01645332
O=C=S,,0,1,59.96698562
BrC(Br)(Br)C(Br)(Br)Br,,0,0,497.5100226
FC(F)(F)C(F)(F)Cl,,5,0,153.9608688
N#CC(F)(Cl)Cl,,1,0,126.9391826
Cl[Si](Cl)(Cl)C#C[Si](Cl)(Cl)Cl,,0,0,289.7669691
CC(=O)I,,0,1,169.9228627
O=CCO,,0,2,60.02112937
[SiH3]OCC(Cl)(Cl)Cl,,0,1,177.9175243
CSSSC,,0,0,125.9631632
FC(F)=C(F)C(F)(F)F,,6,0,149.9904193
COC(F)(F)C(Cl)Cl,,2,1,163.9607265
c1cn[nH]c1,,0,0,68.03744813
C=CNC=O,,0,1,71.03711378
CSC(=S)SC,,0,0,137.9631632
COB(OC)SC,,0,2,120.0416309
Cc1n[nH]cc1Br,,0,0,159.9636103
C#CCOC,,0,1,70.04186481
O=C(O)CCC(=O)O,,0,4,118.0266087
O=C(O)CC(O)C(=O)O,,0,5,134.0215233
CCCC(=O)Br,,0,1,149.9680269
C1CCC1,,0,0,56.06260026
C1CNCCN1,,0,0,86.08439832
O=[N+]([O-])c1cccnc1Cl,,0,2,157.988305
O=[N+]([O-])c1ccc(CO)o1,,0,4,143.0218576
CN(C)/C=C/C#N,,0,0,96.06874826
CN(C)C=CC=O,,0,1,99.06841391
C=CN(C)C(C)=O,,0,1,99.06841391
CN1CCCC1=S,,0,0,115.0455703
CCC1SCCN1N=O,,0,1,146.0513839
CC1CCOC1,,0,1,86.07316494
CC(C)(O)CC(=O)O,,0,3,118.0629942
Nc1ccc(Br)c(F)c1,,1,0,188.9589395
O=S(Cl)c1ccccc1,,0,1,159.9749635
NC(=O)c1cccnc1,,0,1,122.0480128
Oc1ccc(S)cc1,,0,1,126.0139358
COC(=O)c1cccs1,,0,2,142.0088504
Nc1ccccc1S,,0,0,125.0299202
CCOC(=O)CC(=O)CBr,,0,3,207.9735062
CC(=O)/C=C/N(C)C,,0,1,113.084064
CCC1CCOC1,,0,1,100.088815
CC1OC(C)OC(C)O1,,0,3,132.0786442
OC[C@H](O)[C@@H](O)[C@H](O)[C@H](O)CO,72.7,0,6,182.0790382
OC[C@@H](O)[C@@H](O)[C@H](O)[C@H](O)CO,,0,6,182.0790382
CCCC[Si](C)(C)Cl,,0,0,150.0631547
N#CC(C#N)=C(C#N)C#N,,0,0,128.012296
Clc1cccc(C(Cl)(Cl)Cl)c1,,0,0,227.9067108
Cc1ccc(O)c(I)c1,,0,1,233.9541628
CSc1ccc([N+](=O)[O-])cc1,,0,2,169.0197495
SCc1ccccc1,,0,0,124.0346713
CC(=O)C(C(C)=O)C(C)=O,,0,3,142.0629942
CCCCOC(=O)CCBr,,0,2,208.0098918
CC(=O)c1ccc(Br)cc1,,0,1,197.9680269
CSc1ccc(C=O)cc1,,0,1,152.0295859
COC(=O)C=Cc1ccco1,,0,3,152.0473441
COc1cccc(Cl)c1C,,0,1,156.0341926
NCC(=O)c1ccccc1,,0,1,135.0684139
CN(C)c1cccc(O)c1,,0,1,137.084064
CC(=O)C1CCCCC1=O,,0,2,140.0837296
CCOC(=O)CC(=O)C(C)C,,0,3,158.0942943
NCCNCCNCCNCCN,,0,0,189.1953457
COC(=O)c1ccccc1N=C=S,,0,2,193.0197495
Cc1cc2ccccc2s1,,0,0,148.0346713
COc1ccc(CN=C=O)cc1,,0,2,163.0633285
CN(C)c1ccc(C=O)cc1,,0,1,149.084064
CC(C)(C(=O)[O-])c1ccccc1[N+](=O)[O-],,0,4,208.0615314
CCC(=O)CCCC(C)C,,0,1,142.1357652
CC(C)CC(CO)C(C)C,,0,1,144.1514153
C[Si](C)(C)[SiH]([Si](C)(C)C)[Si](C)(C)C,,0,0,248.126807
CCC(CC)c1ccncc1,,0,0,149.1204495
CC12CCC(CC1=O)C2(C)C,,0,1,152.1201151
C1CCC(N2CCNCC2)CC1,,0,0,168.1626486
O=C(O)c1cccc2ccccc12,,0,2,172.0524295
COc1cccc2ccccc12,,0,1,158.0731649
CNc1ccc2ccccc2c1,,0,0,157.0891494
CCOC(=O)C(C)Oc1ccccc1,,0,3,194.0942943
CCCCC(O)c1ccccc1,,0,1,164.1201151
FC(F)(F)C(F)(F)C(F)(F)C(F)(F)N(C(F)(F)C(F)(F)C(F)(F)C(F)(F)F)C(F)(F)C(F)(F)C(F)(F)C(F)(F)F,,27,0,670.9599609
O=S(O)(=S)c1ccc(Cl)cc1,,0,2,207.9419491
Cc1ccccc1S(=O)(O)=S,,0,2,187.9965715
CC(C)c1cccc2ccccc12,,0,0,170.1095504
CC(C)(C)OOC(C)(C)c1ccccc1,,0,2,208.1463299
Cc1c2ccccc2cc2ccccc12,3.02,0,0,192.0939004
CCCCN(CCCC)c1ccc(C=O)cc1,,0,1,233.1779644
CCCc1ccc(Cc2ccccc2)cc1,,0,0,210.1408506
CC(Cc1ccccc1)N(C)Cc1ccccc1,,0,0,239.1673997
c1ccc2cc(SSc3ccc4ccccc4c3)ccc2c1,,0,0,318.0536924
O=C(OC1CCCCC1)c1ccccc1C(=O)OC1CCCCC1,,0,4,330.1831093
CCCC[Sn](CCCC)(c1ccccc1)c1ccccc1,,0,0,388.1212956
C[Si](C)(C)O[Si](C)(C)O[Si](C)(C)O[Si](C)(C)O[Si](C)(C)O[Si](C)(C)O[Si](C)(C)O[Si](C)(C)O[Si](C)(C)O[Si](C)(C)C,,0,9,754.239949
C[Si](C)(C)O[Si](C)(C)O[Si](C)(C)O[Si](C)(C)O[Si](C)(C)O[Si](C)(C)O[Si](C)(C)O[Si](C)(C)O[Si](C)(C)O[Si](C)(C)O[Si](C)(C)C,,0,10,828.2587403
Cc1ccccc1O[Si](c1ccccc1)(c1ccccc1)c1ccccc1,,0,1,366.1439919
CCCCCCCc1c(CCCCCCC)c(C(=O)[O-])c(C(=O)[O-])c(CCCCCCC)c1C(=O)[O-],,0,6,501.3232599
CCC(C)O[Si](OC(C)CC)(OC(C)CC)O[Si](C)(O[Si](OC(C)CC)(OC(C)CC)OC(C)CC)O[Si](OC(C)CC)(OC(C)CC)OC(C)CC,,0,12,832.5039842
CC(=O)N[C@H]1C(O)O[C@H](CO)[C@@H](O[C@@H]2O[C@H](CO)[C@H](O)[C@H](O)[C@H]2O)[C@@H]1O,,0,11,383.1427606
CCCCCCCCCCOC(C)=O,,0,2,200.17763
CCCCCCCCCCCCOC(C)=O,,0,2,228.2089301
CCOC(=O)CC,12.3,0,2,102.0680796
CCOC(=O)C(Br)C(=O)OCC,,0,4,237.9840709
Brc1ccccc1,5.4,0,0,155.9574623
CSCCC(N)C(=O)O,,0,2,149.0510496
[O-]CC1C=CC=CO1,21.52,0,2,111.045153
NCCCC[C@H](N)C(=O)O,4,0,2,146.1055277
CC(=O)O[C@H]1C[C@H](n2cc(C)c(=O)[nH]c2=O)O[C@@H]1COP(=O)(O)OP(=O)(O)Oc1ccccc1,,0,12,520.0647974
CCc1ccc(C)nc1,,0,0,121.0891494
CCc1cc(C(N)=S)ccn1,,0,0,166.0564693
CCCOC(=O)c1ccc(O)cc1,,0,3,180.0786442
F[B-](F)(F)F,3.5,4,0,87.00346686
CCCC#N,24.8,0,0,69.05784922
OCC(F)(F)F,27,3,1,100.0135994
C=C(C)C(=O)[O-],,0,2,85.02950298
Oc1ccc2ccccc2c1,10,0,1,144.0575149
C=CC(=C)CCC=C(C)C,,0,0,136.1252005
CC(C)=CCCC(C)CC=O,,0,1,154.1357652
C=C(C)[C@H]1CC=C(C)C(=O)C1,,0,1,150.1044651
Cc1ccc(C(C)C)cc1O,,0,1,150.1044651
S=C(N=Nc1ccccc1)NNc1ccccc1,,0,0,256.0782674
FC(F)(F)C(F)(F)C(F)(F)C(F)(F)C(F)(F)C(F)(F)F,,14,0,337.9776451
CCCCCCCCCCC(C)O,5.8,0,1,186.1983655
CCOC(C)OCC,,0,2,118.0993797
FCF,14.3,2,0,52.0124565
OO,121,0,2,34.0054793
Nc1ncnc2c1ncn2[C@@H]1O[C@H](COP(=O)(O)OP(=O)(O)OP(O)(O)=S)[C@@H](O)[C@H]1O,,0,12,522.9729018
C[SiH](C)C,5.3,0,0,74.05517685
CC[SiH](CC)CC,,0,0,116.102127
CO[C@H]1O[C@H](CO)[C@@H](O)[C@H](O[C@H]2O[C@H](CO)[C@@H](O)[C@H](O)[C@@H]2O)[C@@H]1O,2.46,0,11,356.1318616
COC12CC(COC(=O)c3cncc(Br)c3)CN(C)C1Cc1cn(C)c3cccc2c13,,0,3,483.1157538
O=C1CCCO1,-0.68,0,2,86.03677943
CC(C)N=C=NC(C)C,,0,0,126.1156984
CCCCCCCCCCCCS,,0,0,202.1755218
CCCCCCC=O,,0,1,114.1044651
CCCC=O,,0,1,72.05751488
CCC(=O)CC,16.78,0,1,86.07316494
CCCC(=O)CC,,0,1,100.088815
CCCCCC=O,9.5,0,1,100.088815
CCCC(=O)CCC,,0,1,114.1044651
CCCCC(=O)CC,,0,1,114.1044651
C=CC=O,,0,1,56.02621475
C=CC(C)=O,,0,1,70.04186481
CC=CC(C)=O,,0,1,84.05751488
CCCCCOC(=O)CCC,,0,2,158.1306798
CCCOC(=O)CC,,0,2,116.0837296
CCCOC(=O)CCC,,0,2,130.0993797
CCCCC(=O)OCC,,0,2,130.0993797
CCCCOC(=O)CC,4.84,0,2,130.0993797
CCCCCCCC(=O)[O-],,0,2,143.1077533
CCC(C)CO,15.63,0,1,88.088815
CC(C)CC(C)O,,0,1,102.1044651
O=C1C=CC(=O)C=C1,3.95,0,2,108.0211294
N#CC(C#N)=c1ccc(=C(C#N)C#N)cc1,3.76,0,0,204.0435961
Cc1ccc(C(C)c2ccccc2)cc1C,,0,0,210.1408506
O=c1cc(-c2ccccc2)oc2ccccc12,,0,2,222.0680796
[2H]c1c([2H])c([2H])c(Br)c([2H])c1[2H],,0,0,160.988846
COCCOCCOC,7.2,0,3,134.0942943
CCOC(=O)C(=O)[O-],,0,4,117.0193322
c1ccoc1,5.7,0,1,68.02621475
NC1CCCCC1,4.73,0,0,99.10479942
NCCN,13.82,0,0,60.06874826
Oc1cc(O)cc(O)c1,,0,3,126.0316941
Cl[Si](Cl)(Cl)Cl,,0,0,167.8523373
Cc1ccccn1,9.46,0,0,93.05784922
O=c1c(O)c(-c2cc(O)c(O)c(O)c2)oc2cc(O)cc(O)c12,,0,8,318.0375673
CCCBr,,0,0,121.9731123
CC1OC(OCC2OC(Oc3c(-c4ccc(O)c(O)c4)oc4cc(O)cc(O)c4c3=O)C(O)C(O)C2O)C(O)C(O)C1O,,0,16,610.1533849
CN1C2CCC1CC(OC(=O)C(CO)c1ccccc1)C2,,0,3,289.1677936
CCC(Br)(CC)C(=O)NC(N)=O,,0,2,236.0160398
Nc1nc2nc[nH]c2c(=O)[nH]1,4.35,0,1,151.0494098
Oc1ccc(C=Cc2cc(O)cc(O)c2)cc1,,0,3,228.0786442
CC(C)CCC[C@@H](C)[C@H]1CC[C@H]2[C@@H]3CC=C4C[C@@H](O)CC[C@]4(C)[C@H]3CC[C@@]21C,126.5,0,1,386.3548661
CC(Cl)(Cl)Cl,7.2,0,0,131.9300331
ClC(Cl)C(Cl)Cl,8.5,0,0,165.8910608
c1ccc2ncccc2c1,9.16,0,0,129.0578492
c1cc[nH]c1,7.5,0,0,67.04219916
C=CC1=C(C)/C(=C\c2[nH]c(Cc3[nH]c(/C=C4\NC(=O)C(C)=C4C=C)c(C)c3CCC(=O)O)c(CCC(=O)O)c2C)NC1=O,,0,6,584.2634849
OC[C@H]1O[C@@](CO)(O[C@H]2O[C@H](CO[C@H]3O[C@H](CO)[C@H](O)[C@H](O)[C@H]3O)[C@@H](O)[C@H](O)[C@H]2O)[C@@H](O)[C@@H]1O,,0,16,504.1690349
OC[C@H]1O[C@@](CO)(O[C@H]2O[C@H](CO[C@H]3O[C@H](CO[C@H]4O[C@H](CO)[C@H](O)[C@H](O)[C@H]4O)[C@H](O)[C@H](O)[C@H]3O)[C@@H](O)[C@H](O)[C@H]2O)[C@@H](O)[C@@H]1O,,0,21,666.2218584
OC[C@H]1O[C@@](CO)(O[C@H]2O[C@H](CO[C@H]3O[C@H](CO[C@H]4O[C@H](CO[C@H]5O[C@H](CO)[C@H](O)[C@H](O)[C@H]5O)[C@H](O)[C@H](O)[C@H]4O)[C@H](O)[C@H](O)[C@H]3O)[C@@H](O)[C@H](O)[C@H]2O)[C@@H](O)[C@@H]1O,,0,26,828.2746818
Nc1c(Cl)cc(Cl)cc1Cl,,0,0,194.9409322
O=C(CO)[C@@H](O)[C@H](O)[C@H](O)CO,,0,6,180.0633881
ClCCCl,1.25,0,0,97.96900549
O=C(O)Cc1ccccc1,,0,2,136.0524295
[2H]C([2H])(Cl)Cl,9.08,0,0,85.96590892
[2H]C(Cl)(Cl)C([2H])(Cl)Cl,,0,0,167.9036143
N[C@@H](Cc1ccc(O)cc1)C(=O)O,3,0,3,181.0738932
N[C@@H](Cc1ccccc1)C(=O)O,,0,2,165.0789786
N[C@@H](CSSC[C@H](N)C(=O)O)C(=O)O,183.5,0,4,240.0238489
O=c1ccn([C@@H]2O[C@H](CO)[C@@H](O)[C@H]2O)c(=O)[nH]1,,0,6,244.0695361
CC1(C)CC/C(=C\c2ccc(Cl)cc2)C1(O)Cn1cncn1,,0,1,317.1294899
N12[Si]34N5[Si]16N3[Si]25N46,7,0,0,139.9430756
CCOO,6,0,2,62.03677943
CCN(CC)C(=O)[C@@H]1C=C2c3cccc4[nH]cc(c34)C[C@H]2N(C)C1,,0,1,323.1997624
CCF,,1,0,48.03752838
C=COC(C)=O,5.9,0,2,86.03677943
CC(=O)OCCC(C)C,5.6,0,2,130.0993797
CCNc1nc(Cl)nc(NCC)n1,,0,0,201.0781231
CCCC(C)c1ccc(OCC(=O)Cl)c(C(C)CCC)c1,,0,2,310.1699578
CC(C)C(C)CCC(C)C1CCC2C3CC=C4CC(O)CCC4(C)C3CCC12C,,0,1,400.3705162
CC[C@H](/C=C/[C@@H](C)[C@H]1CC[C@H]2[C@@H]3CC=C4C[C@@H](O)CC[C@]4(C)[C@H]3CC[C@@]21C)C(C)C,,0,1,412.3705162
CC1(C)CC[C@]2(CO)CC[C@]3(C)C(=CC[C@@H]4[C@@]5(C)CC[C@H](O)C(C)(C)[C@@H]5CC[C@]43C)[C@@H]2C1,,0,2,442.3810808
Cc1cc2nc3c(=O)[nH]c(=O)nc-3n(CC(O)C(O)C(O)CO)c2cc1C,,0,6,376.1382844
O=C1O[C@H]([C@@H](O)CO)C(O)=C1O,,0,6,176.032088
NCCCC[C@H](N[C@@H](CCc1ccccc1)C(=O)O)C(=O)N1CCC[C@H]1C(=O)O,,0,5,405.2263711
CCCCCCCCCCCC[N+](C)(C)[O-],,0,1,229.2405646
CCCCCCCCCCCC(=O)OCCOCC(OCCO)C1OCC(OCCO)C1OCCO,14,0,10,522.3403978
O=C(O)CCCCC1SCC2NC(=O)NC21,2.1025,0,3,244.0881634
C[C@H](O)[C@H](O)[C@@H](O)[C@@H](O)C=O,,0,5,164.0684735
OC[C@H]1O[C@H](O[C@@H]2[C@@H](CO)O[C@H](O[C@]3(CO)O[C@H](CO)[C@@H](O)[C@@H]3O)[C@H](O)[C@H]2O)[C@H](O)[C@@H](O)[C@@H]1O,,0,16,504.1690349
NCCCNCCCCNCCCN,,0,0,202.2157468
Cl/C=C/Cl,10.1,0,0,95.95335542
C[C@]12C[C@H](O)[C@H]3[C@@H](CCC4=CC(=O)CC[C@@]43C)[C@@H]1CC[C@]2(O)C(=O)CO,,0,5,362.2093241
N[C@@H](CS)C(=O)O,379,0,2,121.0197495
COc1ccc2nc(S(=O)Cc3ncc(C)c(OC)c3C)[nH]c2c1,,0,3,345.1147125
N[C@H]1C(O)O[C@H](CO)[C@@H](O)[C@@H]1O,,0,5,179.0793725
O=C[C@@H](O)[C@H](O)[C@H](O)CO,,0,5,150.0528234
O=C[C@H](O)[C@@H](O)[C@@H](O)[C@H](O)CO,,0,6,180.0633881
O=C[C@@H](O)[C@@H](O)[C@H](O)[C@H](O)CO,,0,6,180.0633881
O=C[C@H](O)[C@@H](O)[C@H](O)[C@H](O)C(=O)O,,0,7,194.0426527
NC(=O)[C@H](O)[C@@H](O)[C@@H](O)[C@H](O)CO,,0,6,195.0742871
CN(C)C,-30.5,0,0,59.07349929
CC[C@H](C)C(=O)O[C@H]1C[C@H](O)C=C2C=C[C@H](C)[C@H](CC[C@@H](O)C[C@@H](O)CC(=O)O)[C@H]21,,0,7,424.2461035
CCOC(=O)C(Cl)Cl,,0,2,155.9744848
C1CO1,3.5,0,1,44.02621475
C=CC(=C)C,2.7,0,0,68.06260026
CCN(CC)C(C)=O,,0,1,115.099714
C=C(Cl)Cl,3,0,0,95.95335542
Nc1ccn(C2CC(O)C(COP(=O)(O)OP(=O)(O)OP(=O)(O)O)O2)c(=O)n1,,0,13,466.9895975
CN1CC(=O)N=C1N,,0,1,113.0589118
CC(C)NCC(O)COc1cccc2[nH]ccc12,,0,2,248.1524779
O=C(O)C(O)C(O)C(=O)O,,0,6,150.0164379
CCCCCCCC/C=C\CCCCCCCC(=O)OC[C@H](COP(=O)(O)OCCN)OC(=O)CCCCCCC/C=C\CCCCCCCC,,0,8,743.5465051
CC(C)(C)CC(C)(C)c1ccc(OCCO)cc1,17.5,0,2,250.1932801
ON=[SiH2],5.6,0,1,60.99839025
O=[N+]([O-])c1ccccc1O,,0,3,139.026943
O=[N+]([O-])c1cccc(O)c1,,0,3,139.026943
O=[N+]([O-])c1ccc(O)cc1,9.8,0,3,139.026943
CCCCCCCC/C=C/CCCCCCCC(=O)OCCOCC(OCCO)C1OCC(OCCO)C1OCCO,13.5,0,10,604.4186481
CCCN,6.5,0,0,59.07349929
FC(F)(F)C(F)(F)C(F)(F)C(F)(F)C(F)(F)C(F)(F)C(F)(F)F,,16,0,387.9744515
FC(F)(F)C(F)(F)C(F)(F)C(F)(F)C(F)(F)C(F)(F)C(F)(F)C(F)(F)C(F)(F)F,,20,0,487.9680644
O=C[C@H](O)[C@@H](O)[C@H](O)CO,,0,5,150.0528234
CCCCC/C=C\C/C=C\C/C=C\C/C=C\CCCC(=O)O,,0,2,304.2402303
Oc1cc(Cl)c(Cl)cc1Cl,6.9,0,1,195.9249478
CC(=O)[O-],-0.52,0,2,59.01385292
c1ccc2scnc2c1,70,0,0,135.0142702
CC(C)=CCC/C(C)=C/CC/C(C)=C/CC/C=C(\C)CC/C=C(\C)CCC=C(C)C,3,0,0,410.3912516
CN(CC(=O)O)C(=N)N,,0,2,131.0694765
O=BOB=O,,0,3,70.00335466
C=CO,10,0,1,44.02621475
OCc1ccco1,,0,2,98.03677943
CCCCCCCCCCCC(=O)O,4319,0,2,200.17763
N[C@H](CC(=O)[O-])C(=O)[O-],,0,4,131.0229548
CC1=C[C@H](O)CC(C)(C)[C@H]1/C=C/C(C)=C/C=C/C(C)=C/C=C/C=C(C)/C=C/C=C(C)/C=C/C1=C(C)C[C@@H](O)CC1(C)C,,0,2,568.428031
C/C(C=C=C1C(C)(C)C[C@H](O)C[C@@]1(C)O)=C\C=C\C(C)=C\C=C\C=C(C)\C=C\C=C(C)\C=C\[C@@]12O[C@]1(C)C[C@@H](O)CC2(C)C,,0,4,600.4178603
OC[C@H]1O[C@H](O[C@]2(CO[C@]3(CO)O[C@H](CO)[C@@H](O)[C@@H]3O)O[C@H](CO)[C@@H](O)[C@@H]2O)[C@H](O)[C@@H](O)[C@@H]1O,,0,16,504.1690349
[N-]=[N+]=Nc1ccc([N+](=O)[O-])c(C(=O)ON2C(=O)CCC2=O)c1,,0,6,305.0396329
CCCCCCCCOC(=O)CCCCCCCCC(=O)OCCCCCCCC,4.01,0,4,426.3709101
FC(F)=C(F)C(F)(F)C(F)(F)F,,8,0,199.9872258
C=CCCC(=O)O,60,0,2,100.0524295
C=C(C)C(=O)O,,0,2,86.03677943
O=[N+]([O-])c1ccc(Br)cn1,,0,2,201.9377894
CCCCCCCCCCCCCCCCCCCCC=CC(=O)O,,0,2,352.3341306
CO[Si](CCCN)(OC)OC,,0,3,179.0977699
CCOC(=O)CC(=O)OCC,7.55,0,4,160.0735589
CCCCCCCC/C=C\CCCCCCCC(=O)OC,25,0,2,296.2715304
C=C(C)C(=O)OC,6.32,0,2,100.0524295
C[n+]1ccc(-c2cc[n+](C)cc2)cc1,,0,0,186.1146013
Nc1ncnc2c1ncn2[C@H]1CC[C@@H](CO)O1,2.295,0,2,235.1069247
[H][H],10,0,0,2.015650064
O=COc1cccc(O)c1,,0,3,138.0316941
CCCCOC(=O)c1ccc(O)cc1,,0,3,194.0942943
CN(C)c1ccncc1,,0,0,122.0843983
CC(C)CCCC(C)CCCC(C)CCCC(C)CC(O)(O)O,,0,3,330.3133952
CC(=O)Nc1c(I)c(NC(C)=O)c(I)c(C(=O)O)c1I,,0,4,613.7696508
OC[C@H]1O[C@@H](S[C@@H]2[C@@H](CO)O[C@@H](O)[C@H](O)[C@H]2O)[C@H](O)[C@@H](O)[C@@H]1O,2.24,0,10,358.0933679
CPP,,0,0,79.99447345
C1=C[NH2+]C=C1,3.8,0,0,68.04947561
C1CN1,,0,0,43.04219916
[C-]#[Si+],8.6,0,0,39.97692653
CPOP,9.8,0,1,95.98938807
O=C(O)Cc1nn(Cc2nc3cc(C(F)(F)F)ccc3s2)c(=O)c2ccccc12,39.5,3,3,419.0551469
CCCCCCCCC=CCCCCCCCC,,0,0,252.2817012
O=C1CC(=O)c2ccccc21,,0,2,146.0367794
CC1=C(/C=C/C(C)=C/C=C/C(C)=C/C=O)C(C)(C)CCC1,20,0,1,284.2140155
CC=C(C)C(=O)[O-],,0,2,99.04515304
CCNc1cc2[o+]c3cc(NCC)c(C)cc3c(-c3ccc(C(=O)NCCCCCCO)cc3C(=O)O)c2cc1C,,0,5,558.2962478
COC(=O)c1ccccc1O,9,0,3,152.0473441
CCCCCCCCCCCCCCCCOC(=O)CCCCCCCCCCCCCCC,,0,2,480.4906313
FC(F)(F)C(F)(F)C(F)(F)C(F)(F)C(F)(F)F,,12,0,287.9808386
NCCCC[C@@H](N)C(=O)O,,0,2,146.1055277
C[N+](C)(C)CCOP(=O)([O-])OP(=O)(O)OC[C@H]1O[C@@H](n2ccc(N)nc2=O)[C@H](O)[C@@H]1O,,0,11,488.1073309
C=C[SiH3],,0,0,58.02387672
C=CC(=O)OC#N,,0,2,97.01637834
CO[SiH](OC)OC,,0,3,122.0399207
CC(O)C(C)O,21.497,0,2,90.06807956
CC1=CC(=O)CCC1,2.2,0,1,110.0731649
CCCCCCCC/C=C\CCCCCCCC(=O)OCC(C[N+](C)(C)C)OC(=O)CCCCCCC/C=C\CCCCCCCC,,0,4,662.6081865
B#N,105,0,0,25.0123794
CCCCCCCCCCCCCCCC(=O)OCC(COC(=O)CCCCCCCCCCCCCCC)OC(=O)CCCCCCCCCCCCCCC,3.12,0,6,806.7363409
CCCCCCCCS(=O)C(C)Cc1ccc2c(c1)OCO2,4,0,3,324.1759158
CCCCCCC(CC)(C(=O)[O-])C(CC)CCCCCCC(=O)[O-],,0,4,340.2624568
CC[C@@H](C)c1nccs1,,0,0,141.0612204
[O+]#[Si-],,0,1,43.97184115
Cc1c(C2(c3cc(Br)c(O)c(Br)c3C)OS(=O)(=O)c3ccccc32)cc(Br)c(O)c1Br,,0,5,693.7295429
c1ccc(C2(N3CCCCC3)CCCCC2)cc1,348,0,0,243.1986998
CCC1OC(=O)C(C)C(OC2CC(C)(OC)C(O)C(C)O2)C(C)C(OC2OC(C)CC(N(C)C)C2O)C(C)(O)CC(C)C(=O)C(C)C(O)C1(C)O,7500,0,13,733.4612412
OC[C@H]1O[C@@H](S[C@@H]2[C@@H](O)[C@H](O)O[C@H](CO)[C@H]2O)[C@H](O)[C@@H](O)[C@@H]1O,,0,10,358.0933679
C#C[C@]1(O)CC[C@H]2[C@@H]3CCC4=CC(=O)CC[C@@H]4[C@H]3CC[C@@]21C,,0,2,298.1932801
COc1nc(C)nc(NC(=O)NS(=O)(=O)c2ccccc2Cl)n1,,0,4,357.0298525
O=P(O)(O)O[C@H]1[C@H](OP(=O)(O)O)[C@@H](OP(=O)(O)O)[C@H](OP(=O)(O)O)[C@@H](OP(=O)(O)O)[C@H]1OP(=O)(O)O,,0,24,659.8613712
FC(F)F,2300,3,0,70.00303469
O=[Sn]=O,6328,0,2,151.8920239
Cc1cc(O)c(C(C)C)cc1C1(c2cc(C(C)C)c(O)cc2C)OS(=O)(=O)c2ccccc21,,0,5,466.1813951
Nc1ccn([C@@H]2O[C@H](COP(=O)(O)OP(=O)(O)OP(=O)(O)O)C[C@H]2O)c(=O)n1,,0,13,466.9895975
O=[N+]([O-])c1cc([N+](=O)[O-])c2ccccc2c1O,,0,5,234.0276713
O=[N+]([O-])c1cc([N+](=O)[O-])c(O)c([N+](=O)[O-])c1,,0,7,228.9970994
N=C(N)c1ccc(CNC(=O)[C@@H]2CCN2C(=O)[C@H](NCC(=O)O)C2CCCCC2)cc1,,0,4,429.2376045
c1ccc(-c2c3ccccc3c(-c3ccccc3)c3c(-c4ccccc4)c4ccccc4c(-c4ccccc4)c23)cc1,7.2,0,0,532.2191009
c1ccccc#1,,0,0,76.03130013
CCCCCCCC/C=C\CCCCCCCC(=O)OCC(COP(=O)([O-])OCC[N+](C)(C)C)OC(=O)CCCCCCC/C=C\CCCCCCCC,,0,8,785.5934553
N=C(N)c1ccc(CC(O)(O)C(=O)O)cc1,,0,4,224.0797069
CCCCCC(N)=O,3.2,0,1,115.099714
Nc1ccc(S(N)(=O)=O)cc1,,0,2,172.0306485
Nc1ncnc2c1ncn2[C@@H]1O[C@H](COP(=O)(O)CP(=O)(O)OP(=O)(O)O)[C@@H](O)[C@H]1O,4.2,0,12,505.0164809
O=[N+]([O-])c1ccc2[nH]ncc2c1,,0,2,163.0381764
C=CCOC(=O)OCCOCCOC(=O)OCC=C,,0,7,274.1052529
CC(C)=CCC/C(C)=C/CSP(=O)(O)OP(=O)(O)O,,0,6,330.0455826
FPBCP,,1,0,110.0021821
Nc1nc(Cl)nc2c1ncn2[C@@H]1O[C@H](CO)[C@@H](O)[C@@H]1F,,1,3,303.0534451
COC(=O)[C@@H](NC(=O)CNC(=O)[C@H](CS)NCc1ccc(-c2ccccc2)cc1)C(C)C,,0,4,457.2035275
Cc1cccc(C#Cc2ccccc2)n1,,0,0,193.0891494
c1ccc(-c2ccccc2-c2ccccc2)cc1,,0,0,230.1095504
Nc1ncnc2c1ncn2[C@@H]1O[C@H](COP(=O)(O)OP(=O)(O)O)[C@@H](O)[C@H]1OP(=O)(O)O,,0,13,506.9957455
O=CCCCC=O,,0,2,100.0524295
CCCCCCCCCC(=O)N[C@@H](Cc1c[nH]c2ccccc12)C(=O)N[C@@H](CC(N)=O)C(=O)N[C@@H](CC(=O)O)C(=O)NC1C(=O)NCC(=O)N[C@@H](CCCN)C(=O)N[C@@H](CC(=O)O)C(=O)N[C@H](C)C(=O)N[C@@H](CC(=O)O)C(=O)NCC(=O)N[C@H](CO)C(=O)N[C@@H](C(C)CC(=O)O)C(=O)N[C@@H](CC(=O)c2ccccc2N)C(=O)OC1C,,0,26,1619.710366
C1CC[C@H]2CCCC[C@H]2C1,2.21,0,0,138.1408506
CCC(C(=O)OCCN1CCOC(c2ccccc2)C1C)c1ccccc1,,0,3,367.2147438
C=Cc1nnn[nH]1,,0,0,96.04359613
O=S(=O)(O)CCN1CCN(CCO)CC1,79,0,4,238.0987281
F[C](F)C(F)(F)F,,5,0,118.9920161
Cc1c([N+](=O)[O-])cc([N+](=O)[O-])cc1[N+](=O)[O-],,0,6,227.0178349
O=S,,0,1,47.96698562
Nc1ccc(Oc2ccc(N)cc2)cc1,,0,1,200.094963
CCCCCCCCCCS,3.84,0,0,174.1442217
NCCOB(c1ccccc1)c1ccccc1,,0,1,225.1324945
COC(=O)COc1c2cc(C(C)(C)C)cc1Cc1cc(C(C)(C)C)cc(c1OCC(=O)OC)Cc1cc(C(C)(C)C)cc(c1OCC(=O)OC)Cc1cc(C(C)(C)C)cc(c1OCC(=O)OC)C2,,0,12,936.5023777
Nc1ncn(C2CC(O)C(CO)O2)c(=O)n1,,0,4,228.0858549
O=C(O)CN(CCOCCOCCN(CC(=O)O)CC(=O)O)CC(=O)O,,0,10,380.143095
CC(=O)N[C@@H]1[C@@H](O)C[C@@](O)(C(=O)O)O[C@H]1[C@H](O)[C@H](O)CO,,0,9,309.1059812
O=C([O-])CC(O)(CC(=O)[O-])C(=O)[O-],1344,0,7,189.0051732
c1ccc(Oc2ccccc2)cc1,3.73,0,1,170.0731649
Brc1ccccc1Br,,0,0,233.8679743
Ic1ccccc1,4.55,0,0,203.9435982
[CH2]C[O],,0,1,44.02621475
C[C@H]1O[C@@H](O[C@H]2[C@@H](O)C[C@H](O[C@H]3[C@@H](O)C[C@H](O[C@H]4CC[C@]5(C)[C@H]6C[C@@H](O)[C@]7(C)[C@@H](C8=CC(=O)OC8)CC[C@]7(O)[C@@H]6CC[C@@H]5C4)O[C@@H]3C)O[C@@H]2C)C[C@H](O)[C@@H]1O,,0,14,780.4296067
N=C(N)NCCC[C@H](N)C(=O)O,2,0,2,174.1116757
O=C(O)CCCC(=O)O,,0,4,132.0422587
CC(CC(=O)O)C(=O)O,,0,4,132.0422587
O=C(O)CC(=O)O,,0,4,104.0109586
O=C(O)CCS,,0,2,106.0088504
Nc1ncnc2c1ncn2CCOCP(=O)(O)O,,0,4,273.0626905
C[C@H](O)[C@H]1CC[C@H]2[C@@H]3CC[C@@H]4C[C@H](O)CC[C@]4(C)[C@H]3CC[C@]12C,,0,2,320.2715304
NC(CCC(=O)NC(CS)C(=O)NCC(=O)O)C(=O)O,9.6,0,6,307.0838063
CCCOCCC,3.34,0,1,102.1044651
CCCCCCCCCCBr,,0,0,220.0826628
CC(C)CCCC(C)CCCC(C)CCCCC(C)CCCC(C)CCCC(C)C,,0,0,422.485152
CCCCCCCCCCCCCCCCCl,3.7,0,0,260.2270787
CCCCCCCCCCCl,4.5,0,0,176.1331784
CCCCCCCCN(CCCCCCCC)CCCCCCCC,2.1,0,0,353.4021506
OC1C(O)C(O)C(O)C(O)C1O,,0,6,180.0633881
CC1COC(=O)O1,64.92,0,3,102.0316941
OCCCl,25.8,0,1,80.00289246
CCCCCCC(=O)O,3.03,0,2,130.0993797
CCCCCCCBr,,0,0,178.0357126
C1=CSSS1,,0,0,121.9318631
C1SSSS1,,0,0,141.9039341
C=CCCCCCCCCCCCCCCCC,,0,0,252.2817012
Cc1c(Cl)cccc1Cl,3.36,0,0,159.9846556
CCCCCCCl,6.1,0,0,120.0705781
CCCCC(O)CC,7.07,0,1,116.1201151
ClCCCCCCCl,8.6,0,0,154.0316057
Cc1ccc(Cl)c(Cl)c1,9.39,0,0,159.9846556
CCCCCC(C)O,9.72,0,1,116.1201151
CC(=O)N[C@H](C(=O)N[C@@H](Cc1ccccc1)[C@@H](O)CN(CC1CCCCC1)NC(=O)[C@@H](NC(C)=O)C(C)C)C(C)C,,0,5,573.3890197
CC(C)=C/C=C/C(C)=C/C=C/C(C)=C/C=C/C(=C/C=C/C=C(C)/C=C/C=C(C)/C=C/C=C(\C)CCCC(C)(C)O[C@@H]1O[C@H](CO)[C@@H](O)[C@H](O)[C@H]1O)CO,2.93,0,7,730.4808545
Nc1ncnc2c1ncn2C1OC(COP(=O)(O)OP(=O)(O)OP(=O)(O)O)C(O)C1O,8.4,0,13,506.9957455
c1ccc2[nH]ccc2c1,20.13,0,0,117.0578492
CC(=O)C(=O)O,,0,3,88.01604399
CC(=O)CCC(=O)O,,0,3,116.0473441
CC(=O)CCCC(=O)O,,0,3,130.0629942
O=C(O)c1ccccc1,,0,2,122.0367794
Cc1cccc(C(=O)O)c1,,0,2,136.0524295
Cc1ccccc1C(=O)O,,0,2,136.0524295
CCCC(O)CO,17.57,0,2,104.0837296
Cc1ccc(O)c([N+](=O)[O-])c1,,0,3,153.0425931
CC=O,2.55,0,1,44.02621475
CCC=O,18,0,1,58.04186481
CC(C)C=O,,0,1,72.05751488
CC(C)(C)C=O,,0,1,86.07316494
CC(C)CC=O,,0,1,86.07316494
CCC(C)C=O,,0,1,86.07316494
C=C(C)C=O,,0,1,70.04186481
CCCCCCCCC=O,7.6,0,1,142.1357652
C/C=C/C=O,,0,1,70.04186481
C/C=C(\C)C=O,,0,1,84.05751488
O=Cc1ccoc1,,0,2,96.02112937
Cc1cccc(C=O)c1,,0,1,120.0575149
Cc1ccc(C=O)cc1,,0,1,120.0575149
Cc1ccccc1C=O,,0,1,120.0575149
COc1cccc(C=O)c1,,0,2,136.0524295
O=Cc1ccc(O)cc1,,0,2,122.0367794
O=Cc1ccccc1O,13.9,0,2,122.0367794
C=CC(C)C,,0,0,70.07825032
C=CCCC,,0,0,70.07825032
C=CC(C)(C)C,,0,0,84.09390038
C=CC(C)CC,,0,0,84.09390038
CC=C(C)C,,0,0,70.07825032
C=C(C)CCC,,0,0,84.09390038
C/C=C\C,,0,0,56.06260026
CC/C=C/CC,,0,0,84.09390038
CC/C=C\CC,,0,0,84.09390038
C=C(CC)CC,,0,0,84.09390038
C=C(C)C(C)C,,0,0,84.09390038
C=CCCCCC,,0,0,98.10955045
C=C(C)C(C)(C)C,,0,0,98.10955045
CC(C)=CC(C)C,,0,0,98.10955045
C=CCCCCCC,2.081,0,0,112.1252005
CCC/C=C/CCC,,0,0,112.1252005
CC(C)=C(C)C,,0,0,84.09390038
CCC/C=C\CCC,,0,0,112.1252005
CC(C)=CC(C)(C)C,,0,0,112.1252005
CCCC/C=C/CCCC,,0,0,140.1565006
CCCC/C=C\CCCC,,0,0,140.1565006
C=C/C=C\C,,0,0,68.06260026
CC1=CCCCC1,,0,0,96.09390038
C=CC1CCCCC1,,0,0,110.1095504
C1=CCCCCC1,,0,0,96.09390038
C=C1C2CCC(C2)C1(C)C,,0,0,136.1252005
Cc1ccc2ccccc2c1,,0,0,142.0782503
c1cc2c3c(cccc3c1)CC2,,0,0,154.0782503
CC(=O)C(C)C,10.37,0,1,86.07316494
CC(=O)C(C)(C)C,,0,1,100.088815
CC(C)C(=O)C(C)C,,0,1,114.1044651
C=CCCC(C)=O,,0,1,98.07316494
CC(=O)c1ccc(C)cc1,,0,1,134.0731649
COC(=O)CCCCC(=O)O,,0,4,160.0735589
CCOC(=O)CCCCCC(=O)OCC,,0,4,216.1361591
Cc1ccco1,,0,1,82.04186481
CC1C=CC(=O)O1,,0,2,98.03677943
CC1=CCC(=O)O1,,0,2,98.03677943
CCC1(C)OC(=O)N(C)C1=O,,0,3,157.0738932
CC1=CC(=O)OC1=O,,0,3,112.016044
CC1=CCC2CC1C2(C)C,,0,0,136.1252005
Nc1ncnc2c1ncn2[C@@H]1O[C@H](COP(=O)(O)OP(=O)(O)OP(=O)(O)O)[C@@H](O)[C@H]1O,,0,13,506.9957455
c1ccc2c(c1)Oc1ccccc1O2,,0,2,184.0524295
OC[C@H]1OC(O)[C@H](O)[C@@H](O)[C@@H]1O,6,0,6,180.0633881
COc1cc2ccc(=O)oc2cc1OC,,0,4,206.0579088
O=C(C[C@H]1Sc2ccccc2NC1=O)NO,,0,3,238.0412132
CCC(O)O,32,0,2,76.0524295
OCCOCCOCCOCCOCCOCCO,,0,7,282.1678532
CC(O)C(=O)[O-],,0,3,89.0244176
[CH2]CCO[CH2],,0,1,72.05751488
CNC(C)C1CCC(N)C(OC2C(N)CC(N)C(OC3OCC(C)(O)C(NC)C3O)C2O)O1,,0,7,477.3162487
FC(F)OC(Cl)C(F)(F)F,2.4,5,1,183.9714335
c1c[nH]nn1,12.5,0,0,69.0326971
Cc1ccc(C(C)(C)C)cc1,,0,0,148.1252005
SPS,1.37,0,0,97.94137873
C[C@@H](CCC(=O)NCCS(=O)(=O)O)[C@H]1CC[C@H]2[C@H]3C(C[C@H](O)[C@@]21C)[C@@]1(C)CC[C@H](O)C[C@@H]1C[C@H]3O,,0,7,515.2916738
[CH2]OOC,,0,2,61.0289544
C=Cn1c2ccccc2c2ccccc21,,0,0,193.0891494
FC(F)=C(F)F,,4,0,99.99361288
c1ccc(CN(CCN(Cc2ccccn2)Cc2ccccn2)Cc2ccccn2)nc1,,0,0,424.2375449
C[SiH3],,0,0,46.02387672
F[SiH3],,1,0,49.99880485
O=P([O-])([O-])OP(=O)([O-])[O-],,0,7,173.9141199
CCc1cccc(CC)c1N(COC)C(=O)CCl,,0,2,269.1182566
CO[C@H]1C[C@@H]2CC[C@@H](C)[C@@](O)(O2)C(=O)C(=O)N2CCCC[C@H]2C(=O)O[C@H]([C@H](C)C[C@@H]2CC[C@@H](O)[C@H](OC)C2)CC(=O)[C@H](C)/C=C(/C)[C@@H](O)[C@@H](OC)C(=O)[C@H](C)C[C@H](C)/C=C/C=C\C=C\1C,,0,13,913.5551416
CCCCCCCCCCCCCC(=O)O[C@@H]1[C@@H](C)[C@@]2(O)[C@@H](C=C(CO)C[C@]3(O)C(=O)C(C)=C[C@@H]23)[C@@H]2C(C)(C)[C@]12OC(C)=O,,0,8,616.3975188
NO,235,0,1,33.02146372
Nc1nc(=O)c2c([nH]1)=N[C@@H]1O[C@H](COP(=O)(O)O)[C-]([S-])C(=S)[C@@H]1N=2,,0,6,390.9821088
NC(=O)c1nc[n+]([C@@H]2O[C@H](COP(=O)(O)OP(=O)(O)OP(=O)(O)O)[C@@H](O)[C@H]2O)[nH]1,,0,14,484.9870375
[CH2]F,2.2,1,0,33.01405328
CC(=O)OCC(=O)C1CCC2C3CCC4=CC(=O)CCC4(C)C3CCC12C,1.08,0,4,372.2300595
CN1C=CC=CC1,,0,0,95.07349929
NC(N)=NCCC[C@H](N)C(=O)O,,0,2,174.1116757
CCCC[N+](CCCC)(CCCC)CCCC,12.47,0,0,242.2842266
O=c1cc(-c2ccc(O)c(O)c2)oc2c([C@@H]3O[C@H](CO)[C@@H](O)[C@H](O)[C@H]3O)c(O)cc(O)c12,,0,11,448.1005615
O=c1cc(-c2ccc(O)c(O)c2)oc2cc(O[C@@H]3O[C@H](CO)[C@@H](O)[C@H](O)[C@H]3O)cc(O)c12,,0,11,448.1005615
OC[C@H]1O[C@H](OC[C@H]2OC(O)[C@H](O)[C@@H](O)[C@@H]2O)[C@H](O)[C@@H](O)[C@@H]1O,,0,11,342.1162115
Nc1nc(N)nc(N)n1,37.7,0,0,126.0653942
NCCc1ccc(O)c(O)c1,71.9,0,2,153.0789786
CCOC(=O)CCC(=O)OCC,,0,4,174.0892089
C=C(CC(=O)[O-])C(=O)[O-],,0,4,128.0120558
O=C([O-])CCC(=O)[O-],,0,4,116.0120558
CCOC(=O)CCCCC(=O)OCC,,0,4,202.1205091
CCCCCCCCCCCCCCCCS,,0,0,258.2381221
CC(=O)O[C@H]1C(=O)[C@]2(C)[C@@H](O)C[C@H]3OC[C@@]3(OC(C)=O)[C@H]2[C@H](OC(=O)c2ccccc2)[C@]2(O)C[C@H](OC(=O)[C@H](O)[C@@H](NC(=O)c3ccccc3)c3ccccc3)C(C)=C1C2(C)C,,0,14,853.3309553
O=O,,0,2,31.98982924
CS,,0,0,48.00337113
C1=CSSC1,,0,0,103.9754421
COc1ccc(N=Nc2ccccc2)cc1,,0,1,212.094963
c1ccc2c(c1)[nH]c1ccccc12,,0,0,167.0734993
O[C@H]1CO[C@@H]2[C@H](O)CO[C@H]12,,0,4,146.0579088
c1ccc2c(c1)Cc1ccccc1-2,3.05,0,0,166.0782503
CO[Si](OC)(OC)OC,,0,4,152.0504854
c1ccc(-c2ccccn2)nc1,,0,0,156.0687483
CC(=O)N1CCN(c2ccc(OC[C@H]3CO[C@](Cn4ccnc4)(c4ccc(Cl)cc4Cl)O3)cc2)CC1,78.36,0,4,530.1487607
COCCC#N,36,0,1,85.05276384
NC(=O)c1cccnc1C(N)=O,,0,2,165.0538265
CC[n+]1c(-c2ccccc2)c2cc(N)ccc2c2ccc(N)cc21,5.7,0,0,314.1651741
C1=Cc2ccccc2ON1,2.36,0,1,133.0527638
[O-][Br+2]([O-])[O-],,0,3,126.9036295
NC(=O)CN(CC(=O)O)CC(=O)O,,0,5,190.0589714
N#Cc1ccccc1-c1ccccc1,,0,0,179.0734993
[SiH2]=[SiH2],,0,0,59.98515319
CC(C)NCC(O)COc1cccc2ccccc12,,0,2,259.1572289
n1p[nH][pH][nH][pH]1,,0,0,138.961807
c1ccc(N=Nc2ccccc2)cc1,,0,0,182.0843983
C=CCOCC1CO1,,0,2,114.0680796
Cc1cccc(C)n1,7.17,0,0,107.0734993
NS(=O)(=O)c1cc(C(=O)O)c(NCc2ccco2)cc1Cl,52,0,5,330.0077201
CCOP(=O)(OCC)Oc1ccc([N+](=O)[O-])cc1,,0,6,275.0558738
[O-][Cl+3]([O-])([O-])O,9.72,0,4,99.95633619
[c+]1ccc2c1C=CC=CC=2,,0,0,127.0542266
O=C(OCc1ccccc1)c1ccccc1,4.8,0,2,212.0837296
CCCCCCCCCCCCCCCCCCNCCCCCCCCCCCCCCCCCC,,0,0,521.5899514
C[SiH](C)N[SiH](C)C,8,0,0,133.0743025
C=Cc1ccccn1,,0,0,105.0578492
FC(OC(F)=C(F)C(F)(F)F)=C(F)C(F)(F)F,,10,1,277.9789468
NCc1ccccc1,5.18,0,0,107.0734993
O=C(O)c1ccccc1C(=O)Nc1cccc2ccccc12,,0,3,291.0895433
O=[N+]=O,,0,2,45.99235466
O=C(O)Cc1ccc(N(CCCl)CCCl)cc1,,0,2,275.0479841
CCCCCCCCCCCCOC(=O)/C=C\C(=O)OCCCCCCCCCCCC,,0,4,452.3865601
CC1(C(=O)O)CCC(C(=O)O)C1(C)C,,0,4,200.104859
O=C([O-])[NH+]1C=CN=C1,,0,2,112.0272774
O=C(O)[C@@H]1CCCN1C(=O)OCC1c2ccccc2-c2ccccc21,,0,4,337.1314081
CO[SiH3],,0,1,62.01879134
CC(C)(COP(=O)(O)OP(=O)(O)OC[C@H]1O[C@@H](n2cnc3c(N)ncnc32)[C@H](O)[C@@H]1OP(=O)(O)O)[C@@H](O)C(=O)NCCC(=O)NCCSS,,0,16,799.08728
c1cncnc1,13,0,0,80.03744813
CNP,,0,0,63.02378582
O=C1c2ccccc2-c2ccc([N+](=O)[O-])c3cccc1c23,,0,3,275.0582431
N[C@@H](Cc1ccccc1)C(=O)NCCOCCOCCNC(=O)c1ccc(S(N)(=O)=O)cc1,,0,6,478.1886057
O=C(CC1(S(=O)(=O)c2ccc(Oc3ccc(Cl)cc3)cc2)CCOCC1)NO,,0,6,425.069986
PCBS,2.8,0,0,92.00208822
O=C(O)C[C@@H]([C@@H](O)C(=O)O)[N+](=O)[O-],,0,7,193.0222516
NC(=O)[C@H](N)CCC(=O)O,3.1,0,3,146.0691422
COc1cccc2c1C(=O)c1c(O)c3c(c(O)c1C2=O)C[C@@](O)(C(=O)CO)C[C@@H]3O[C@H]1C[C@H](N)[C@H](O)[C@H](C)O1,,0,11,543.1740607
O=C1CCC(=O)O1,,0,3,100.016044
CCO[Si](OCC)(c1ccccc1)c1ccccc1,,0,2,272.1232564
O=CCC=O,,0,2,72.02112937
N[C@@H](CCC(=O)N[C@@H](CS[C@H]1c2ccccc2-c2ccccc2[C@@H]1O)C(=O)NCC(=O)O)C(=O)O,6.85,0,7,501.1569712
O=C1C=Cc2n/c(=C3/N[C@@H](C(=O)O)CS3)sc2=C1,,0,3,279.9976341
Cc1ccccc1N(c1ccc(C2(c3ccc(N(c4ccccc4C)c4ccccc4C)cc3)CCCCC2)cc1)c1ccccc1C,,0,0,626.3660995
CC(C)CCCCCCCOC(=O)c1ccccc1C(=O)OCCCCCCCC(C)C,,0,4,446.33961
O=C(O)c1ccc(-c2c3nc(c(-c4ccc(C(=O)O)cc4)c4ccc([nH]4)c(-c4ccc(C(=O)O)cc4)c4ccc([nH]4)c(-c4ccc(C(=O)O)cc4)c4nc2C=C4)C=C3)cc1,,0,8,790.2063639
C=CCCCCCCCCC(=O)O,,0,2,184.1463299
Nc1ncnc2c1ncn2[C@@H]1O[C@H](COP(=O)(O)OP(=O)(O)OC[C@H]2OC([n+]3cccc(C(=O)O)c3)[C@H](O)[C@@H]2O)[C@@H](O)[C@H]1O,,0,15,665.1004138
COC(=O)CCCCCCCC(=O)OC,,0,4,216.1361591
Clc1ccc(Cl)c(Cl)c1,3.95,0,0,179.9300331
O=C(O)/C=C\C(=O)O,,0,4,116.0109586
Nc1ncnc2c1ncn2C1OC(COP(=O)(O)O)C(O)C1O,78.39,0,7,347.0630844
O=C1C=C(N2CC2)C(=O)C=C1N1CC1,,0,2,190.0742276
CC(N)=S,,0,0,75.01427016
O=C(O)/C=C/C(=O)O,,0,4,116.0109586
CC(C)CC(O)C[O-],,0,2,117.0921032
CC(C)CC(N)C(=O)O,,0,2,131.0946287
NC(Cc1ccc(O)cc1)C(=O)O,5600,0,3,181.0738932
Cc1ccc(/C(=C\CN2CCCC2)c2cccc(/C=C/C(=O)O)n2)cc1,,0,2,348.183778
CC[C@H]1OC(=O)[C@H](C)[C@@H](O[C@H]2C[C@@](C)(OC)[C@@H](O)[C@H](C)O2)[C@H](C)[C@@H](O[C@@H]2O[C@H](C)C[C@H](N(C)C)[C@H]2O)[C@](C)(O)C[C@@H](C)C(=O)[C@H](C)[C@@H](O)[C@]1(C)O,,0,13,733.4612412
CC[C@@]1([C@@H]2O[C@@H]([C@H]3O[C@@](O)(CO)[C@H](C)C[C@@H]3C)C[C@@H]2C)CC[C@H]([C@]2(C)CC[C@]3(C[C@H](O)[C@@H](C)[C@@H]([C@@H](C)[C@@H](OC)[C@H](C)C(=O)O)O3)O2)O1,,0,11,670.4292128
COc1ccc(C[C@H](N)C(=O)NC2[C@@H](CO)O[C@@H](n3cnc4c(N(C)C)ncnc43)[C@@H]2O)cc1,,0,5,471.223017
CC(C)(C)NC(=O)[C@@H]1C[C@@H]2CCCC[C@@H]2CN1C[C@@H](O)[C@H](Cc1ccccc1)NC(=O)[C@H](CC(N)=O)NC(=O)c1ccc2ccccc2n1,18,0,5,670.3842687
CCN(CC)CCCC(C)Nc1ccnc2cc(Cl)ccc12,,0,0,319.1815255
COc1cc2c(c(OC)c1OC)-c1ccc(OC)c(=O)cc1[C@@H](NC(C)=O)CC2,,0,6,399.1681875
O=c1[nH]c2ccccc2n1CCCN1CCC(n2c(=O)[nH]c3cc(Cl)ccc32)CC1,,0,2,425.1618527
CN1CCC[C@@H]1Cc1c[nH]c2ccc(CCS(=O)(=O)c3ccccc3)cc12,,0,2,382.1714991
CCc1cc2c(cc1CC)CC(NCC(O)c1ccc(O)c3[nH]c(=O)ccc13)C2,,0,3,392.2099928
OCc1cc(C(O)CNCCCCCCOCCCCc2ccccc2)ccc1O,,0,4,415.2722587
C[Si](C)(C)O[Si](O[Si](C)(C)C)(O[Si](C)(C)C)c1ccccc1,,0,3,372.142851
C(=N/N=C/c1ccccc1)\c1ccccc1,,0,0,208.1000484
BrCC(Br)(Br)Br,,0,0,341.6889985
C=CCc1ccc(OC)cc1,,0,1,148.088815
O=C/C=C/c1ccccc1,,0,1,132.0575149
OC/C=C/c1ccccc1,,0,1,134.0731649
C=C1/C=C/[C@H](C(C)C)CC/C(C)=C/CC1,,0,0,204.1878008
CCCC(C)(COC(N)=O)COC(=O)NC(C)C,,0,4,260.1736072
COc1c(O)cc(C2Oc3c(c(O)cc(O)c3[C@H]3c4c(O)cc(O)cc4O[C@H](c4ccc(O)cc4)[C@@H]3O)C[C@H]2O)cc1O,,0,12,592.1580763
CC(C)=CCC/C(C)=C\COC(=O)CCC(=O)OC/C=C(/C)CCC=C(C)C,,0,4,390.2770097
CC(C)=CCC/C(C)=C\COC(=O)CCCC(=O)OC/C=C(/C)CCC=C(C)C,,0,4,404.2926598
CC(C)=CCCC(C)CCOC(=O)CCC(=O)OCCC(C)CCC=C(C)C,,0,4,394.3083098
CC(C)=CCCC(C)CCOC(=O)CCCC(=O)OCCC(C)CCC=C(C)C,,0,4,408.3239599
CC(C)=CCC/C(C)=C/COC(=O)CCC(=O)OC/C=C(\C)CCC=C(C)C,,0,4,390.2770097
CC(C)=CCC/C(C)=C/COC(=O)CCCC(=O)OC/C=C(\C)CCC=C(C)C,,0,4,404.2926598
CC1=NC=C(COP(=O)(O)O)/C(=C/N[C@@H](Cc2c[nH]c3ccccc23)C(=O)O)C1=O,,0,7,433.1038866
CC(C)CC(NC(=O)C(Cc1ccccc1)NC(=O)C(N)CO)C(=O)NC(CC(C)C)C(=O)NC(CCCNC(=N)N)C(=O)NC(CC(N)=O)C(=O)N1CCCC1C(=O)NC(CC(N)=O)C(=O)NC(CC(=O)O)C(=O)NC(CCCCN)C(=O)NC(Cc1ccc(O)cc1)C(=O)NC(CCC(=O)O)C(=O)N1CCCC1C(=O)NC(Cc1ccccc1)C(=O)O,,0,23,1738.86787
CC(C)(C#N)c1cc(Cn2cncn2)cc(C(C)(C)C#N)c1,,0,0,293.1640456
CC/C(=C(\c1ccccc1)c1ccc(OCCN(C)C)cc1)c1ccccc1,,0,1,371.2249145
c1ccc2c(c1)ccc1c3ccccc3ccc21,3.2,0,0,228.0939004
c1ccc2c(c1)ccc1cc3c(ccc4ccccc43)cc12,,0,0,278.1095504
NC(=O)[C@@H]1CCN2CC[C@@](N)(Cc3ccccc3)C(=O)N12,,0,2,288.1586259
CCN(CC)S(F)(F)F,,3,0,161.048605
NP(N)(=O)O,,0,2,96.00886403
FC1(F)C(F)(F)C(F)(F)C2(F)C(F)(C1(F)F)C(F)(F)C(F)(F)C1(F)C(F)(F)C(F)(F)C(F)(F)C(F)(F)C12F,,24,0,623.9616773
N=C(N)c1ccc(-c2cc3ccc(C(=N)N)cc3[nH]2)cc1,,0,0,277.1327455
BCB,2.8,0,0,40.06556099
CCCCCC[NH3+],,0,0,102.1277259
C[NH3+],,0,0,32.04947561
CC(=O)N[C@@H](C=O)[C@@H](O)[C@H](O[C@@H]1O[C@H](CO)[C@H](O)[C@H](O)[C@H]1NC(C)=O)[C@H](O)CO,,0,11,424.1693097
O=C1OC(c2ccc(O)cc2)(c2ccc(O)cc2)c2ccccc21,,0,4,318.0892089
OCCOc1ccccc1,1.264,0,2,138.0680796
Cc1cc(=O)oc2c3c4c(cc12)CCCN4CCC3,,0,2,255.1259288
O=C(O)c1ccc(O)c(Cl)c1,,0,3,171.9927217
CS(=O)c1ccccc1,,0,1,140.0295859
CC/C=C\C/C=C\C/C=C\C/C=C\C/C=C\C/C=C\CCC(=O)O,,0,2,328.2402303
Nc1ncnc2nc[nH]c12,3.85,0,0,135.0544952
O=C(C=Cc1ccccc1)c1ccccc1,,0,1,208.088815
PNPCI,,0,0,220.9020205
C[C@H](CCC(N)=O)[C@H]1CC[C@H]2[C@@H]3C(O)C[C@@H]4C[C@H](O)CC[C@]4(C)[C@H]3CC[C@@]21C,,0,3,391.3086442
CC(C)(O)C#N,,0,1,85.05276384
O=C(O)CN(CC(=O)O)C1CCCCC1N(CC(=O)O)CC(=O)O,,0,8,346.1376157
O=C(NC(O)C(Cl)(Cl)Cl)NC(O)C(Cl)(Cl)Cl,,0,3,351.8509581
CC(C)c1ccc(NC(=O)N(C)C)cc1,,0,1,206.1419132
COCCOCCOCCO,,0,4,164.104859
CC(=O)OCc1ccccc1[N+](=O)[O-],,0,4,195.0531578
Cn1cc[n+](Cc2ccccc2)c1,,0,0,173.1073248
N#N,1,0,0,28.006148
Oc1ccc(C2(c3ccc(O)cc3)c3ccccc3-c3ccccc32)cc1,,0,2,350.1306798
Cc1ccc(Cl)cc1Cl,,0,0,159.9846556
c1ccc2cc3cc4cc5ccccc5cc4cc3cc2c1,3,0,0,278.1095504
Oc1ccc(O)cc1,,0,2,110.0367794
C=CC1CN2CCC1CC2C(O)c1ccnc2ccccc12,,0,1,294.1732133
ClC(Cl)[SiH2]CCB(CC[SiH2]C(Cl)Cl)CC[SiH2]C(Cl)Cl,,0,0,433.9175267
CC(C)NC(C)C,,0,0,101.1204495
[NH3+]C[C@H]1O[C@H](O)[C@H]([NH3+])C[C@@H]1O,,0,3,164.1149952
Sc1ccc(S)cc1,,0,0,141.9910922
O=c1[nH]c(=O)c2[nH]c(=O)[nH]c2[nH]1,,0,3,168.02834
NCCCCCCCCCCN,,0,0,172.1939488
CCCCCCCCN,3.8,0,0,129.1517496
CC1(C)C2=CCCC(C)(C)C23CCC1C3,,0,0,204.1878008
Nc1nc(=O)c2ncn([C@@H]3O[C@H](COP(=O)(O)OP(=O)(O)CP(=O)(O)O)[C@@H](O)[C@H]3O)c2[nH]1,,0,13,521.0113955
O=C(O)CCCCCCCCCCCO,,0,3,216.1725446
O=C(Cl)[C@@H]1CCCN1C(=O)C(F)(F)F,,3,2,229.0117408
CC[C@H](C)[C@H](NC(=O)[C@H](Cc1c[nH]c2ccccc12)NC(=O)CNC(=O)[C@@H](NC(=O)[C@H](Cc1c[nH]c2ccccc12)NC(=O)[C@H](CC(=O)O)NC(=O)[C@H](CCC(=O)O)NC(=O)[C@H](Cc1c[nH]c2ccccc12)NC(C)=O)C(C)C)C(N)=O,,0,13,1130.51853
CC(C(=O)O)c1cccc(C(=O)c2ccccc2)c1,,0,3,254.0942943
CC(C(=O)O)c1cccc(Oc2ccccc2)c1,,0,3,242.0942943
CCCCCCCCCC(=O)OCC(COC(=O)CCCCCCCCC)OC(=O)CCCCCCCCC,,0,6,554.4546397
CNC[C@H](O)c1cccc(O)c1,,0,2,167.0946287
CC(=O)OCC1=C(C(=O)O)N2C(=O)[C@@H](NC(=O)Cc3cccs3)[C@H]2SC1,,0,6,396.0449782
CCn1cc(C(=O)O)c(=O)c2cc(F)c(N3CCNCC3)cc21,,1,3,319.1332197
C[C@@H](O)[C@H]1C(=O)N2C(C(=O)O)=C(S[C@@H]3CN[C@H](C(=O)Nc4cccc(C(=O)O)c4)C3)[C@H](C)[C@H]12,,0,7,475.1413211
COc1c(N2C[C@@H]3CCCN[C@@H]3C2)c(F)cc2c(=O)c(C(=O)O)cn(C3CC3)c12,,1,4,401.1750845
C=Cc1ccco1,,0,1,94.04186481
O=c1[nH]c(=O)c2[nH]cnc2[nH]1,,0,2,152.0334254
OCC1OC(OC2OC(CO)C(O)C(O)C2O)C(O)C(O)C1O,68.4,0,11,342.1162115
OC[C@H]1O[C@H](O[C@@H]2[C@@H](CO)O[C@H](O)[C@H](O)[C@H]2O)[C@H](O)[C@@H](O)[C@@H]1O,80,0,11,342.1162115
CN(C)[C@@H]1C(=O)/C(=C(\N)O)C(=O)[C@@]2(O)C(=O)C3=C(O)c4c(O)cccc4[C@@](C)(O)[C@H]3C[C@@H]12,,0,8,444.1532657
CC(=O)OCC(C)C,5.068,0,2,116.0837296
CC(F)(Cl)Cl,7.9,1,0,115.9595837
O=C(/C=C/C=C/c1ccc2c(c1)OCO2)N1CCCCC1,,0,3,285.1364935
[C-]#N,38,0,0,26.00362258
c1ccc2c(c1)CCN2,,0,0,119.0734993
O[C@H]1CO[C@@H](O)[C@H](O)[C@H]1O,,0,5,150.0528234
CCCC(=O)[O-],,0,2,87.04515304
CCCCCCCCC(=O)[O-],,0,2,157.1234034
Oc1c2cccc1Cc1cccc(c1O)Cc1cccc(c1O)Cc1cccc(c1O)C2,,0,4,424.1674592
N[C@@H](CCC(=O)[O-])C(=O)[O-],,0,4,145.0386049
C[N+](C)(C)C[C@H](O)CC(=O)[O-],,0,3,161.1051933
C[C@]12CCC(=O)C=C1CC[C@@H]1[C@@H]2[C@@H](O)C[C@]2(C=O)[C@@H](C(=O)CO)CC[C@@H]12,,0,5,360.193674
CN1CCN(CC/C=C2\c3ccccc3Sc3ccc(S(=O)(=O)N(C)C)cc32)CC1,,0,2,443.1701192
CN(C)C(=O)Oc1cccc([N+](C)(C)C)c1,,0,2,223.1441043
COc1cc(C)c(/C=C/C(C)=C/C=C/C(C)=C/C(=O)O)c(C)c1C,,0,3,326.1881947
C=CC(=O)OCCOCCOCC,,0,4,188.104859
C=C(C)C(=O)OCCCCCCCCCCCC,,0,2,254.2245802
C=C(C)C(=O)OCC1CO1,,0,3,142.0629942
CNC(=O)CNC(=O)CN,,0,2,145.0851266
c1ccc(Sc2ccccc2)cc1,,0,0,186.0503213
O=S(c1ccccc1)c1ccccc1,,0,1,202.0452359
CCCCCCl,6.6,0,0,106.054928
CCOC(=O)CC(C)=O,,0,3,130.0629942
CCCCCCOC(=O)CC(C)=O,,0,3,186.1255944
CCCCCCCCOC(=O)CC(C)=O,,0,3,214.1568946
CC(=O)Oc1ccccc1C(=O)O,,0,4,180.0422587
C=CC[C@@H]1/C=C(\C)C[C@H](C)C[C@H](OC)[C@H]2O[C@@](O)(C(=O)C(=O)N3CCCC[C@H]3C(=O)O[C@H](/C(C)=C/[C@@H]3CC[C@@H](O)[C@H](OC)C3)[C@H](C)[C@@H](O)CC1=O)[C@H](C)C[C@@H]2OC,,0,12,803.4819766
O=P(Oc1ccccc1)(Oc1ccccc1)Oc1ccccc1,,0,4,326.0707956
CCCCCCCCCCCCCCOC(C)=O,,0,2,256.2402303
CCCCCCCCCCCCCCCCOC(C)=O,,0,2,284.2715304
CCCCCCCCCC(=O)[O-],,0,2,171.1390534
O=C(O)CCCCC(=O)O,,0,4,146.0579088
O=C(O)CCCCCCC(=O)O,,0,4,174.0892089
COC(=O)c1ccccc1C(=O)OC,8.66,0,4,194.0579088
FS(F)(F)(F)(F)F,,6,0,145.9624903
O=[N+]([O-])O,50,0,3,62.99564289
N[C@@H](CC(=O)[O-])C(=O)[O-],,0,4,131.0229548
CC(C)CC(C)(C)C,1.94,0,0,114.1408506
CCCCOC(=O)CCC,,0,2,144.1150298
C[C]=O,,0,1,43.01838972
CC(=O)[C@@H](N)CCCN=C(N)N,,0,1,172.1324111
O=C(c1ccccc1)C1(O)CCCCC1,,0,2,204.1150298
OC[C@H](O)[C@H](O)CO,,0,4,122.0579088
OC[C@H](O)[C@@H](O)[C@H](O)CO,,0,5,152.0684735
CC(=O)OC(C)(C)C,,0,2,116.0837296
CCC(C)(C)O,15.44,0,1,88.088815
Cc1cccnc1,10.71,0,0,93.05784922
Cc1ccncc1,11.96,0,0,93.05784922
OC[C@H]1O[C@H](O[C@@H]2[C@@H](CO)O[C@H](O[C@@H]3[C@@H](CO)O[C@H](O[C@@H]4[C@@H](CO)O[C@H](O[C@@H]5[C@@H](CO)O[C@H](O)[C@H](O)[C@H]5O)[C@H](O)[C@H]4O)[C@H](O)[C@H]3O)[C@H](O)[C@H]2O)[C@H](O)[C@@H](O)[C@@H]1O,,0,26,828.2746818
CC(=O)C(O)[C@@H](O)[C@@H](O)[C@H](O)[C@@H](O)C=O,,0,7,222.0739528
C[N+](C)(C)CC(O)CC(=O)[O-],,0,3,161.1051933
NC[C@@H]1O[C@H](O[C@@H]2[C@@H](CO)O[C@@H](O[C@@H]3[C@@H](O)[C@H](N)C[C@H](N)[C@H]3O[C@H]3O[C@H](CN)[C@@H](O)[C@H](O)[C@H]3N)[C@@H]2O)[C@H](N)[C@@H](O)[C@@H]1O,,0,13,614.3122855
COc1ccc2[nH]cc(CCNC(C)=O)c2c1,,0,2,232.1211778
O=[N+]([O-])O[C@H]1CO[C@H]2[C@@H]1OC[C@H]2O[N+](=O)[O-],,0,8,236.0280652
O=C(O)[C@H]1O[C@@H](Oc2cc3oc(-c4ccccc4)cc(=O)c3c(O)c2O)[C@H](O)[C@@H](O)[C@@H]1O,,0,11,446.0849114
CCC(C)n1ncn(-c2ccc(N3CCN(c4ccc(OC[C@H]5CO[C@](Cn6cncn6)(c6ccc(Cl)cc6Cl)O5)cc4)CC3)cc2)c1=O,,0,4,704.2393071
Oc1ccc(C(c2ccc(O)cc2)(C(F)(F)F)C(F)(F)F)cc1,,6,2,336.0584989
CC12C=CC(CC1)C(C)(C)O2,,0,1,152.1201151
c1ccc(-c2ccccc2)cc1,10.765,0,0,154.0782503
C[C@H](CS)C(=O)N1CCC[C@H]1C(=O)O,,0,3,217.0772643
C[C@]12CC[C@H]3[C@@H](CCC4=CC(=O)CC[C@@]43C)[C@@H]1CC[C@@H]2C(=O)CO,,0,3,330.2194948
CCCCCCCCCCCCOCCO,65,0,2,230.2245802
CC1Cc2ccccc2N1NC(=O)c1ccc(Cl)c(S(N)(=O)=O)c1,,0,3,365.0600901
C/C=C/CC(C)C(O)C1C(=O)NC(CC)C(=O)N(C)CC(=O)N(C)C(CC(C)C)C(=O)NC(C(C)C)C(=O)N(C)C(CC(C)C)C(=O)NC(C)C(=O)NC(C)C(=O)N(C)C(CC(C)C)C(=O)N(C)C(CC(C)C)C(=O)N(C)C(C(C)C)C(=O)N1C,,0,12,1201.841368
NC[C@H]1O[C@H](O[C@@H]2[C@@H](N)C[C@@H](N)[C@H](O[C@H]3O[C@H](CO)[C@@H](O)[C@H](N)[C@H]3O)[C@H]2O)[C@H](N)C[C@@H]1O,,0,9,467.2591278
O=C(CO)C(OC1OC(CO)C(O)C(O)C1O)C(O)C(O)CO,,0,11,342.1162115
OC[C@H]1O[C@H](O[C@H]2[C@H](O)[C@@H](CO)O[C@@]2(CO)O[C@H]2O[C@H](CO)[C@@H](O)[C@H](O)[C@H]2O)[C@H](O)[C@@H](O)[C@@H]1O,,0,16,504.1690349
OCC1OC(OC2C(CO)OC(OC3C(CO)OC(O)C(O)C3O)C(O)C2O)C(O)C(O)C1O,,0,16,504.1690349
OCC1OC(OC2C(CO)OC(OC3C(CO)OC(OC4C(CO)OC(O)C(O)C4O)C(O)C3O)C(O)C2O)C(O)C(O)C1O,,0,21,666.2218584
OC[C@H]1O[C@H](O[C@@H]2[C@@H](CO)O[C@H](O[C@@H]3[C@@H](CO)O[C@H](O[C@@H]4[C@@H](CO)O[C@H](O[C@@H]5[C@@H](CO)O[C@H](O[C@@H]6[C@@H](CO)OC(O)[C@H](O)[C@H]6O)[C@H](O)[C@H]5O)[C@H](O)[C@H]4O)[C@H](O)[C@H]3O)[C@H](O)[C@H]2O)[C@H](O)[C@@H](O)[C@@H]1O,,0,31,990.3275052
OC[C@H]1O[C@H](OC[C@H]2OC(O[C@H]3O[C@H](CO)[C@@H](O)[C@H](O)[C@H]3O[C@H]3O[C@H](CO)[C@@H](O)[C@H](O)[C@H]3O)[C@H](O[C@H]3O[C@H](CO)[C@@H](O)[C@H](O)[C@H]3O)[C@@H](O[C@H]3O[C@H](CO)[C@@H](O)[C@H](O)[C@H]3O)[C@@H]2O[C@H]2O[C@H](CO)[C@@H](O)[C@H](O)[C@H]2O)[C@H](O)[C@@H](O)[C@@H]1O,,0,36,1152.380329
CC/C=C\C/C=C\C/C=C\C/C=C\C/C=C\CCCC(=O)O,24,0,2,302.2245802
CCCCCCCCCCOCCOCCOCCOCCOCCOCCO,,0,7,422.3243538
CC/C=C/CC(=O)N[C@@H]1C(=O)N2[C@@H](C(=O)O)C(C)(C)S[C@H]12,,0,4,312.1143781
CCC(C)(C)C,,0,0,86.10955045
O=C1C(c2ccccc2)=C(c2ccccc2)C(c2ccccc2)=C1c1ccccc1,78,0,1,384.1514153
O=N[O-],4,0,2,45.99345182
O=S([O-])[O-],4,0,3,79.95791202
S=[Sn]=S,,0,0,183.8463367
CCN(CC)CC(=O)Nc1c(C)cccc1C,,0,1,234.1732133
Cc1c(N(C)C)c(=O)n(-c2ccccc2)n1C,,0,1,231.1371622
O=C(NCCO[N+](=O)[O-])c1cccnc1,,0,4,211.0593058
CC(O)CCO,28.69,0,2,90.06807956
C[C@]12C[C@H](O)[C@@]3(F)[C@@H](CCC4=CC(=O)C=C[C@@]43C)[C@@H]1C[C@@H](O)[C@]2(O)C(=O)CO,,1,6,394.1791668
O=C(O)CCCCCC(=O)O,,0,4,160.0735589
O=C(O)CCCCCCCC(=O)O,,0,4,188.104859
O=C(O)CCCCCCCCC(=O)O,,0,4,202.1205091
O=C(O)CCCCCCCCCC(=O)O,,0,4,216.1361591
O=C(O)CCCCCCCCCCC(=O)O,,0,4,230.1518092
O=C(O)CCCCCCCCCCCC(=O)O,,0,4,244.1674592
O=C(O)CCCCCCCCCCCCCCCCCCC(=O)O,,0,4,342.2770097
Cn1c(=O)c2c(ncn2C)n(C)c1=O,4.1,0,2,194.0803756
CN(C)c1ccc2cc3ccc(N(C)C)cc3nc2c1,,0,0,265.1578976
CCOC(=O)C(C)O,15.4,0,3,118.0629942
OCCc1ccccc1,13.6,0,1,122.0731649
C[C@H](O)[C@@H](O)[C@@H](O)[C@H](O)C=O,,0,5,164.0684735
OCC(O)C(O)C(O)CO,,0,5,152.0684735
O=C[C@H](O)[C@H](O)[C@H](O)CO,,0,5,150.0528234
OCC1OC(OCC2OC(O)C(O)C(O)C2O)C(O)C(O)C1O,,0,11,342.1162115
OC[C@H]1O[C@@H](OC[C@H]2O[C@@H](O)[C@H](O)[C@@H](O)[C@@H]2O)[C@H](O)[C@@H](O)[C@@H]1O,,0,11,342.1162115
OC[C@H]1O[C@@H](O[C@@H]2[C@@H](CO)O[C@@H](O)[C@H](O)[C@H]2O)[C@H](O)[C@@H](O)[C@@H]1O,,0,11,342.1162115
C/C1=C/C(=O)O[C@@H]2C[C@@H](CC[C@H](C)/C=C\C=C\CC1)O[C@@](O)([C@@H]1CSC(=O)N1)C2,,0,5,421.1922941
Cc1cc(S(=O)(=O)c2c([N+](=O)[O-])cc(C(F)(F)F)cc2[N+](=O)[O-])c(Cl)cc1Cl,,3,6,457.935397
C[Si]1(C)O[Si](C)(C)O[Si](C)(C)O[Si](C)(C)O[Si](C)(C)O[Si](C)(C)O1,,0,6,444.1127481
O=c1c2ccccc2nc2n1CCc1c-2[nH]c2ccccc12,,0,1,287.105862
O=C(O)c1cc(O)c(O)c(O)c1,6,0,5,170.0215233
O=C(O)/C=C\c1ccc(O)c(O)c1,5.5,0,4,180.0422587
COc1cc(C(=O)O)cc(OC)c1O,,0,5,198.0528234
O=C(O)/C=C/c1ccc(O)cc1,,0,3,164.0473441
COc1cc(/C=C/C(=O)O)ccc1O,,0,4,194.0579088
C[C@]12CC[C@@H]3c4ccc(O)cc4CC[C@H]3[C@@H]1CC[C@@H]2O,,0,2,272.17763
C[N+](C)(C)CCO,,0,1,104.1069905
CNC[C@H](O)c1ccc(O)c(O)c1,,0,3,183.0895433
NN,51.7,0,0,32.03744813
CO[C@@H]1O[C@H](CO)[C@H](O[C@@H]2O[C@H](CO)[C@H](O[C@@H]3O[C@H](CO)[C@H](OC)[C@H](O)[C@H]3O)[C@H](O)[C@H]2O)[C@H](O)[C@H]1O,,0,16,532.2003351
CCCCC(=O)OC,,0,2,116.0837296
COC=O,8.5,0,2,60.02112937
CCCCCCCCN1CCCC1=O,,0,1,197.1779644
NCC(=O)NCC(=O)NCC(=O)O,,0,4,189.0749558
CC(=O)OC1CCCCC1,5.08,0,2,142.0993797
CNCCC(Oc1cccc2ccccc12)c1cccs1,,0,1,297.1187352
C=CCO,21,0,1,58.04186481
C1COCOC1,,0,2,88.0524295
ClCC(Cl)Cl,3.4,0,0,131.9300331
CC(Br)CBr,,0,0,199.8836244
NC(CCC(=O)O)C(=O)O,116,0,4,147.0531578
NC(Cc1c[nH]c2ccccc12)C(=O)O,8.41,0,2,204.0898776
COC(=O)c1ccc(O)cc1,,0,3,152.0473441
C[C@H]1[C@H](NC(=O)/C(=N\OC(C)(C)C(=O)O)c2csc([NH3+])n2)C(=O)N1S(=O)(=O)[O-],,0,8,435.0518545
CCN[C@H]1C[C@H](C)S(=O)(=O)c2sc(S(N)(=O)=O)cc21,,0,4,324.02722
O=C[C@H](O)[C@@H](O)[C@@H](O)[C@H](O)C(=O)O,,0,7,194.0426527
O=C(OCC1OC(OC(=O)c2cc(O)c(O)c(OC(=O)c3cc(O)c(O)c(O)c3)c2)C(OC(=O)c2cc(O)c(O)c(OC(=O)c3cc(O)c(O)c(O)c3)c2)C(OC(=O)c2cc(O)c(O)c(OC(=O)c3cc(O)c(O)c(O)c3)c2)C1OC(=O)c1cc(O)c(O)c(OC(=O)c2cc(O)c(O)c(O)c2)c1)c1cc(O)c(O)c(OC(=O)c2cc(O)c(O)c(O)c2)c1,,0,46,1700.172974
CN=C(NC#N)NCCSCc1nc[nH]c1C,,0,0,252.1157155
NS(=O)(=O)c1cc2c(cc1Cl)NCNS2(=O)=O,,0,4,296.9644754
O=[N+]([O-])c1cc([N+](=O)[O-])c(NN(c2ccccc2)c2ccccc2)c([N+](=O)[O-])c1,,0,6,395.0865831
NC(=O)C[C@H](N)C(=O)O,2.55,0,3,132.0534921
C[n+]1cccc(C(=O)[O-])c1,,0,2,137.0476785
Brc1c(NC2=NCCN2)ccc2nccnc12,,0,0,291.0119574
OCCCO,34.69,0,2,76.0524295
O=Cc1cccs1,,0,1,111.9982857
CN(C)C[C@@H]1CCn2cc(c3ccccc32)C2=C(C(=O)NC2=O)c2cn(c3ccccc23)CCO1,,0,3,468.2161408
O=C(O)C=Cc1ccccc1,,0,2,148.0524295
O=C(/C=C/c1ccc(O)c(O)c1)O[C@@H]1C[C@](O)(C(=O)O)C[C@@H](O)[C@H]1O,,0,9,354.0950822
COc1cc(/C=C/C=O)ccc1O,,0,3,178.0629942
Oc1cc(O)c2c(c1)OC(c1ccc(O)c(O)c1)[C@H](O)C2,,0,6,290.0790382
O=c1c(O)c(-c2ccccc2)oc2cc(O)cc(O)c12,,0,5,270.0528234
O=C(O)c1cc(O)ccc1O,,0,4,154.0266087
COc1ccc([C@@H]2CC(=O)c3c(O)cc(O[C@@H]4O[C@H](CO[C@@H]5O[C@@H](C)[C@H](O)[C@@H](O)[C@H]5O)[C@@H](O)[C@H](O)[C@H]4O)cc3O2)cc1O,,0,15,610.1897704
COc1ccc(/C=C/C(=O)O)cc1O,,0,4,194.0579088
COc1cc(-c2oc3cc(O)cc(O)c3c(=O)c2O)ccc1O,,0,7,316.0583027
O=c1c(O)c(-c2ccc(O)cc2)oc2cc(O)cc(O)c12,1.01,0,6,286.047738
O=C(O)c1cc(=O)c2ccccc2[nH]1,,0,3,189.0425931
O=C(O)c1cccc(O)c1,,0,3,138.0316941
O=C1c2c(O)cc(O)cc2O[C@H](c2ccccc2)[C@H]1O,,0,5,272.0684735
O=C(O)c1ccc(O)c(O)c1,,0,4,154.0266087
O=C(O)c1ccc(O)cc1,,0,3,138.0316941
O=C(O)c1ccccc1O,1,0,3,138.0316941
COc1cc(C=O)cc(OC)c1O,,0,4,182.0579088
O=C1c2c(O)cc(O)cc2O[C@H](c2ccc(O)c(O)c2)[C@H]1O,,0,7,304.0583027
O=C(O)/C=C/c1ccccc1,,0,2,148.0524295
COc1cc(C(=O)O)ccc1O,,0,4,168.0422587
CC(=O)Nc1nnc(S(N)(=O)=O)s1,,0,3,221.9881321
CC1(C)S[C@@H]2[C@H](NC(=O)[C@H](N)c3ccccc3)C(=O)N2[C@H]1C(=O)O,,0,4,349.1096271
CC(C)NCC(O)COc1ccc(CC(N)=O)cc1,1,0,3,266.1630426
CC(C)NCC(O)COc1ccc(CCOCC2CC2)cc1,,0,3,307.2147438
CCN[C@H]1CN(CCCOC)S(=O)(=O)c2sc(S(N)(=O)=O)cc21,,0,5,383.0643338
CC(C)(C)NCC(O)COc1cccc2c1CCC(=O)N2,,0,3,292.1786926
C[C@@H]1C[C@H]2[C@@H]3CCC4=CC(=O)C=C[C@]4(C)[C@@]3(F)[C@@H](O)C[C@]2(C)[C@@]1(O)C(=O)CO,,1,5,392.1999022
OC(Cn1cncn1)(Cn1cncn1)c1ccc(F)cc1F,,2,1,306.1040654
COc1ccc2c(c1)c(CC(=O)O)c(C)n2C(=O)c1ccc(Cl)cc1,,0,4,357.0767857
O=C(c1ccccc1)c1ccc2n1CCC2C(=O)O,,0,3,255.0895433
C[C@@H]1CN(C2CCC(C#N)(c3ccc(F)cc3)CC2)CC[C@]1(C(=O)O)c1ccccc1,,1,2,420.2213064
CCCC1CC(C(=O)NC(C(C)O)C2OC(SC)C(O)C(O)C2O)N(C)C1,,0,6,406.2137578
CC(=O)N=c1sc(S(N)(=O)=O)nn1C,,0,3,236.0037821
CC(C)(C)NCC(O)COc1cccc2c1C[C@H](O)[C@H](O)C2,,0,4,309.1940083
CC[C@@H]1C(=O)OC[C@@H]1Cc1cncn1C,,0,2,208.1211778
C[C@]12C[C@H](O)[C@H]3[C@@H](CCC4=CC(=O)C=C[C@@]43C)[C@@H]1CC[C@]2(O)C(=O)CO,,0,5,360.193674
C=C[C@H]1CN2CC[C@H]1C[C@@H]2[C@@H](O)c1ccnc2ccc(OC)cc12,,0,2,324.183778
Clc1ccc2nsnc2c1NC1=NCCN1,,0,0,253.0188939
C[C@@H](c1ncncc1F)[C@](O)(Cn1cncn1)c1ccc(F)cc1F,,3,1,349.1150447
CCCCCCCCCC=CC=CC=CC=CC=CC=CC(=O)O,,0,2,328.2402303
CCCCC/C=C\C/C=C\CCCCCCCC(=O)OC,,0,2,294.2558803
CCCCCCCCCCCCCCCCCC(=O)OC,,0,2,298.2871805
CCCCCCCCCCCCCCCC(=O)OC,,0,2,270.2558803
C#Cc1ccccc1,,0,0,102.0469502
CC1(C)O[C@@H]2C[C@H]3[C@@H]4CCC5=CC(=O)C=C[C@]5(C)[C@@]4(F)[C@@H](O)C[C@]3(C)[C@]2(C(=O)CO)O1,,1,6,434.2104669
CCOc1ccccc1OCCN[C@H](C)Cc1ccc(OC)c(S(N)(=O)=O)c1,,0,5,408.171893
NC(=O)NC(=O)Cc1ccccc1,,0,2,178.0742276
ClN(Cl)Cl,,0,0,118.909632
CCOC(=O)CC(C)C,,0,2,130.0993797
CC(C)CC(=O)O,,0,2,102.0680796
CCCCC(C=O)CC,,0,1,128.1201151
CCCCCCCC=O,8.6,0,1,128.1201151
CCCCC(=O)C(C)=O,,0,2,128.0837296
CCCCCC(=O)C(C)=O,,0,2,142.0993797
CCCCCCCCC(C)=O,,0,1,156.1514153
CCCCCCC(C)(C)O,,0,1,144.1514153
CCCCCCCC(C)O,,0,1,144.1514153
CC(C)CC(=O)C(=O)O,,0,3,130.0629942
CCCCCC(=O)O,2.82,0,2,116.0837296
CCCCCC(=O)OCC,,0,2,144.1150298
CCCCC(CC)C(=O)O,,0,2,144.1150298
CCCCC(CC)COC(C)=O,,0,2,172.1463299
OC(COCC(F)(F)F)COCC(F)(F)F,,6,3,256.0534135
Nc1nc(=O)c2ncn(COC(CO)CO)c2[nH]1,,0,4,255.0967539
CCCCCCCCCCOCCOCCOCCOCCOCCOCCOCCOCCO,,0,9,510.3767833
CC(C)=CCC/C(C)=C\C=O,,0,1,152.1201151
CC(=O)OC/C=C(/C)CCC=C(C)C,,0,2,196.1463299
CC(=O)OC/C=C(\C)CCC=C(C)C,,0,2,196.1463299
CCCCCc1cc(O)c2c(c1)OC(C)(C)[C@@H]1CCC(C)=C[C@@H]21,80.1,0,2,314.2245802
O=C(O)C1=CC(O)C(O)C(O)C1,,0,5,174.0528234
CC1(C)O[C@@H]2C[C@H]3[C@@H]4C[C@H](F)C5=CC(=O)C=C[C@]5(C)[C@@]4(F)[C@@H](O)C[C@]3(C)[C@]2(C(=O)CO)O1,,2,6,452.2010451
CN(Cc1cnc2nc(N)nc(N)c2n1)c1ccc(C(=O)N[C@@H](CCC(=O)O)C(=O)O)cc1,,0,5,454.1713158
Cn1cnc([N+](=O)[O-])c1Sc1ncnc2nc[nH]c12,,0,2,277.0381935
c1ccc2c(c1)Sc1ccccc1S2,,0,0,216.0067423
c1ccc(C(c2ccccc2)c2ccccc2)cc1,,0,0,244.1252005
O=C1CC(c2ccc(O)cc2)Oc2cc(O)cc(O)c21,,0,5,272.0684735
Cc1c(C)c2c(c(C)c1O)CC[C@@](C)(CCC[C@H](C)CCC[C@H](C)CCCC(C)C)O2,,0,2,430.3810808
Cc1cc(-c2cc(C)c(N)c(C)c2)cc(C)c1N,19,0,0,240.1626486
CC(C)(C)OOC(C)(C)C,,0,2,146.1306798
O=C(O)C1=C/C(=N\Nc2ccc(S(=O)(=O)Nc3ccccn3)cc2)C=CC1=O,,0,5,398.0684905
C=C(C)C(=O)OCCCC,15,0,2,142.0993797
C[N+](C)(C)CCCCCCCCCC[N+](C)(C)C,1,0,0,258.3024021
N[C@@H](CCS)C(=O)O,,0,2,135.0353995
N[C@@H](CCC(=O)N[C@@H](CS)C(=O)NCC(=O)O)C(=O)O,,0,6,307.0838063
CN(C)c1ccccc1,,0,0,121.0891494
CC(C)(C)NC[C@H](O)COc1nsnc1N1CCOCC1,,0,3,316.1569116
O=Cc1ccc(CO)o1,,0,3,126.0316941
CCCCCCN,3.53,0,0,101.1204495
CCCCCCCCCCN,,0,0,157.1830497
CCCCCCCCCCCCN,,0,0,185.2143499
CCCNCCC,3.3,0,0,101.1204495
CCCCNCCCC,,0,0,129.1517496
CCCCCCNCCCCCC,,0,0,185.2143499
CCCCCCCCNCCCCCCCC,,0,0,241.2769501
CCCN(CCC)CCC,,0,0,143.1673997
CCCCN(CCCC)CCCC,,0,0,185.2143499
CCCCCCN(CCCCCC)CCCCCC,,0,0,269.3082502
CC(C)CCCCCN(CCCCCC(C)C)CCCCCC(C)C,,0,0,353.4021506
CCCCCCCCCCCCN(CCCCCCCCCCCC)CCCCCCCCCCCC,,0,0,521.5899514
CC[C@H]1OC(=O)[C@H](C)[C@@H](O[C@H]2C[C@@](C)(OC)[C@@H](O)[C@H](C)O2)C(C)[C@@H](O[C@@H]2O[C@H](C)C[C@H](N(C)C)[C@H]2O)[C@](C)(O)C[C@@H](C)CN(C)[C@H](C)[C@@H](O)[C@]1(C)O,,0,12,748.5085257
CCCCCCS,4.34,0,0,118.0816214
CCCCC/C=C\C/C=C\C/C=C\CCCCC(=O)O,,0,2,278.2245802
COC(=O)[C@@H]1CC2=CC(=O)CC[C@]2(C)[C@@]23O[C@@H]2C[C@@]2(C)[C@@H](CC[C@@]24CCC(=O)O4)[C@H]13,,0,6,414.2042387
[O-][Cl+][O-],8.63,0,2,66.9592305
OCCCCCO,26.9,0,2,104.0837296
CC(=O)OC(C)C,6.3,0,2,102.0680796
CC1(C)S[C@@H]2[C@H](NC(=O)Cc3ccccc3)C(=O)N2[C@H]1C(=O)O,,0,4,334.0987281
Cc1onc(-c2ccccc2)c1C(=O)N[C@@H]1C(=O)N2[C@@H](C(=O)O)C(C)(C)S[C@H]12,,0,5,401.1045417
Cc1onc(-c2ccccc2Cl)c1C(=O)N[C@@H]1C(=O)N2[C@@H](C(=O)O)C(C)(C)S[C@H]12,,0,5,435.0655694
Cc1onc(-c2c(Cl)cccc2Cl)c1C(=O)N[C@@H]1C(=O)N2[C@@H](C(=O)O)C(C)(C)S[C@H]12,,0,5,469.026597
C=C(C)C(=O)OCCOC(=O)C(=C)C,,0,4,198.0892089
C=CC(=O)OC1C[C@@H]2CC[C@@]1(C)C2(C)C,,0,2,208.1463299
CC(=O)CCC(C)C,,0,1,114.1044651
CCC(=O)CCC(C)C,,0,1,128.1201151
Cc1ccccc1Cl,,0,0,126.0236279
CCCCOC(=O)c1ccccc1C(=O)OCc1ccccc1,,0,4,312.1361591
[CH2][S],,0,0,45.98772106
CCOC(=O)CCC(C)=O,,0,3,144.0786442
CCCCOC(=O)CCC(C)=O,,0,3,172.1099444
CC[S+](CC)CC,,0,0,119.0888979
CCCCCCCCCCCCCC[N+](CC)(CC)CC,,0,0,298.3468268
O=C1OCCO1,89.8,0,3,88.01604399
C[N+](C)(C#P=O)CCO,,0,2,148.0521916
CCCCCCCC#N,14.7,0,0,125.1204495
CCCCCC#N,17.26,0,0,97.08914935
O[SiH3],80,0,1,48.00314128
Nc1ccn([C@@H]2O[C@H](CO)[C@@H](O)[C@H]2O)c(=O)n1,2,0,5,243.0855205
CCCCCCC(C)=O,10.94,0,1,128.1201151
ClC(Cl)(Cl)C(c1ccccc1)c1ccccc1,3.9,0,0,283.9926334
CCCCCCCC/C=C\CCCCCCCCN,3.1,0,0,267.2926002
CCCCCCCCCC#N,10.6,0,0,153.1517496
CCCCCCCCOC(=O)c1ccccc1C(=O)OCCCCCCCC,5.22,0,4,390.2770097
CCCCCCCC(=O)O,2.82,0,2,144.1150298
Nc1ccncc1,78.3,0,0,94.05309819
C[C@@H](O)[C@@H](N)CCCN=C(N)N,90,0,1,174.1480612
CNC(C)=O,191.3,0,1,73.05276384
C=CCN(C)c1ccc([N+](=O)[O-])cc1,5.9,0,2,192.0898776
CCN(CC)c1ccc2nc3c4ccccc4c(=O)cc-3oc2c1,80,0,2,318.1368278
CCCCC(CC)COC(=O)CCCCC(=O)OCC(CC)CCCC,5,0,4,370.3083098
C[C@]12C=CC(=O)C=C1CC[C@@H]1[C@@H]2CC[C@@]2(C)[C@H]1CC[C@]2(C)O,3.15,0,2,300.2089301
Fc1ccccn1,23.2,1,0,97.03277735
C=CC(=O)NC(C)C,63,0,1,113.084064
CC(=O)S[C@@H]1CC2=CC(=O)CC[C@]2(C)[C@H]2CC[C@@]3(C)[C@@H](CC[C@@]34CCC(=O)O4)[C@@H]21,57,0,4,416.2021305
O=c1oc2c(O)c(O)cc3c(=O)oc4c(O)c(O)cc1c4c23,3,0,8,302.0062672
C=CC(=O)N1CCOCC1,311,0,2,141.0789786
CCCCSCCCC,5.4,0,0,146.1129216
CCNc1nc(Cl)nc(NC(C)C)n1,3.5,0,0,215.0937731
CCNc1nc(NC(C)C)nc(SC)n1,5,0,0,227.1204665
CCN(CC)CCS(=O)(=O)[C@@H]1CCN2C(=O)c3coc(n3)CC(=O)C[C@H](O)/C=C(C)\C=C/CNC(=O)/C=C\[C@@H](C)[C@@H](C(C)C)OC(=O)[C@@H]12,7.1,0,9,690.3298502
c1ccc2nc3ccccc3nc2c1,2,0,0,180.0687483
ClC1CCCCC1,7.6,0,0,118.054928
COC1=C(N[C@@H](C(=O)O)[C@H](C)O)CC(O)(CO)CC1=NCC(=O)O,42300,0,8,346.1376157
NC(=O)O,18,0,2,61.01637834
c1ccc2c(c1)CC2,2.57,0,0,104.0626003
c1ccccsccc1,78,0,0,136.0346713
O=C1C=Cc2ccccc2/C1=N/Nc1ccc(N=Nc2ccccc2)cc1,4.61,0,1,352.1324111
CCCCCCCCCCCCCC(=O)OC(C)C,3.24,0,2,270.2558803
CC(C)OC(=O)CCCCC(=O)OC(C)C,5.34,0,4,230.1518092
CCCCCCCCOc1ccccc1[N+](=O)[O-],23.1,0,3,251.1521435
OCc1cccc(F)c1F,14.3,2,1,144.0386713
CC(C)[N+](=O)[O-],25.7,0,2,89.04767846
NCCCCCCN,2.42,0,0,116.1313485
Clc1cc(Cl)c(Cl)c(Cl)c1Cl,4.5,0,0,247.8520884
c1conn1,78,0,1,70.01671268
COc1cc(/C=C/C(=O)O)cc(OC)c1O,4.1,0,5,224.0684735
O=C1C(O)=C(O)OC1C(O)CO,2.6,0,6,176.032088
N#CCCCC#N,37,0,0,94.05309819
CN1CCOC1=O,78,0,2,101.0476785
C=CC(O)CCl,93000,0,1,106.0185425
CCCCCCCCCCCCCO,1.98,0,1,200.2140155
CCCCCCCCCCCCCCO,4.42,0,1,214.2296656
CCCCCCCCCCCCCCCO,3.72,0,1,228.2453156
CCCCCCCCCCCCCCCCO,3.56,0,1,242.2609657
O=C([O-])C(=O)[O-],1620,0,4,87.98075564
CCCOC(=O)[O-],2.9,0,3,103.0400677
N[C@@H](Cc1c[nH]cn1)C(=O)O,2,0,2,155.0694765
O=C1OC(=O)c2ccccc21,2.77,0,3,148.016044
CC(C)(c1ccc(OCC2CO2)cc1)c1ccc(OCC2CO2)cc1,3.6,0,4,340.1674592
CO[C@H]1/C=C/O[C@@]2(C)OC3=C(C)C(=O)C4C(O)=C(NC(=O)/C(C)=C\C=C\[C@H](C)[C@H](O)[C@@H](C)[C@@H](O)[C@@H](C)[C@H](OC(=O)COC(=O)CC5=CN(C)C=CC5)[C@@H]1C)C(N1CCOCC1)=C(O)C4C3=C2O,28000,0,15,935.4415684
ClCCCCCCCCCCCl,6.68,0,0,210.094206
N#C[O-],117,0,1,41.9985372
CCCCCCCCCCCCO[C@@H]1O[C@H](CO)[C@@H](O[C@H]2O[C@H](CO)[C@@H](O)[C@H](O)[C@H]2O)[C@H](O)[C@H]1O,15.07,0,11,510.3040123
OC(F)(C(F)F)C(F)(F)F,16.7,6,1,168.000984
O=C(OC[C@H]1O[C@@H](OC(=O)c2cc(O)c(O)c(OC(=O)c3cc(O)c(O)c(O)c3)c2)[C@H](OC(=O)c2cc(O)c(O)c(OC(=O)c3cc(O)c(O)c(O)c3)c2)[C@@H](OC(=O)c2cc(O)c(O)c(OC(=O)c3cc(O)c(O)c(O)c3)c2)[C@@H]1OC(=O)c1cc(O)c(O)c(OC(=O)c2cc(O)c(O)c(O)c2)c1)c1cc(O)c(O)c(OC(=O)c2cc(O)c(O)c(O)c2)c1,7,0,46,1700.172974
O=C(O)C(CP(=O)(O)O)=C(Cl)Cl,86.3,0,5,233.9251653
[O][O-],2000,0,2,31.99037782
CC(Cc1ccc(C(C)(C)C)cc1)CN1CC(C)OC(C)C1,2010,0,1,303.2562147
C1=COC=CO1,2.3,0,2,84.02112937
CC(C)C[C@H](N)C(=O)NO,69,0,2,146.1055277
c12c3c4c5c1c1c6c7c2c2c8c3c3c9c4c4c%10c5c5c1c1c6c6c%11c7c2c2c7c8c3c3c8c9c4c4c9c%10c5c5c1c1c6c6c%11c2c2c7c3c3c8c4c4c9c5c1c1c6c2c3c41,4.25,0,0,720
Nn1nnc2ccccc21,46.5,0,0,134.0592462
ClCC1CO1,22.6,0,1,92.00289246
C[Si](C)(C)O[Si](C)(Cl)Cl,8.5,0,1,201.9803734
C=CCN,5.95,0,0,57.05784922
CC(=O)N[C@H]1[C@@H](O)O[C@H](CO)[C@@H](O[C@@H]2O[C@H](CO)[C@@H](O)[C@H](O)[C@H]2NC(C)=O)[C@@H]1O,6.1,0,11,424.1693097
C/C(=C\c1csc(C)n1)[C@@H]1C[C@@H]2O[C@@H]2CCC[C@H](C)[C@H](O)[C@@H](C)C(=O)C(C)(C)[C@@H](O)CC(=O)O1,3.98,0,6,493.249809
CCCCCCCCC(C)O,5.5,0,1,158.1670653
CCOC(=O)Cc1ccccc1,5.3,0,2,164.0837296
CCCCCCNC(=O)CCCCC(N)=O,-0.10279,0,2,228.183778
FC(F)(F)c1ccccc1,9.04,3,0,146.0343348
CCCCOC(=O)CCCCCCCCC(=O)OCCCC,4.5,0,4,314.2457096
CCCCC(CC)COP(=O)(OCC(CC)CCCC)OCC(CC)CCCC,4.8,0,4,434.3524967
O=C(F)c1ccco1,78.39,1,2,114.0117076
CCOC(=O)OC,2.958,0,3,104.0473441
O/C=C\CCl,9.8,0,1,92.00289246
CCCCOCCOCCO,10.2,0,3,162.1255944
C1COCO1,7.1,0,2,74.03677943
O=C(O)C1C2C=CC(O2)C1C(=O)O,2.33,0,5,184.0371734
CC(C)C(=O)CC(N)=O,6,0,2,129.0789786
Cc1ccc(OP(=O)(Oc2ccc(C)cc2)Oc2ccc(C)cc2)cc1,6.1,0,4,368.1177458
O=[N+]([O-])c1ccccc1Oc1ccccc1F,50,1,3,233.0488213
CCC(O)CC,13.35,0,1,88.088815
OCCC(O)CCO,33.36,0,3,120.0786442
O=C(CO)CCO,35.59,0,3,104.0473441
CC(O)C(O)CO,34.1,0,3,106.0629942
CC(C)N,5.4,0,0,59.07349929
CC(C)(C)Cl,9.46,0,0,92.03927797
CCCCOCCOCCOC(C)=O,6,0,4,204.1361591
O=C([O-])CO,7.77,0,3,75.00876754
O=P(O)(O)OC1[C@@H](OP(=O)(O)O)[C@@H](O)C(OP(=O)(O)OC[C@H](O)CO)[C@H](O)[C@H]1OP(=O)(O)O,204,0,20,573.9654896
CC(CCc1ccccc1)NCC(O)c1ccc(O)c(C(N)=O)c1,1,0,3,328.1786926
CC[C@@H](CO)NCCN[C@@H](CC)CO,1,0,2,204.183778
CC(C)(C(=O)O)[C@H](N)C(=O)O,21.01,0,4,161.0688078
OCC=Cc1ccccc1,19.2,0,1,134.0731649
O=CCCc1ccccc1,4.8,0,1,134.0731649
OCCCc1ccccc1,9.4,0,1,136.088815
BrCCBr,4.93,0,0,185.8679743
CCCCI,6.17,0,0,183.9748983
Cc1ccnc(C)c1,9.42,0,0,107.0734993
BrCBr,7.23,0,0,171.8523243
CCSCC,5.72,0,0,90.05032132
CCOc1ccccc1,4.18,0,1,122.0731649
COC(=O)c1ccccc1,6.74,0,2,136.0524295
OC(F)(F)CF,27,3,1,100.0135994
C1CCNCC1,15.8,0,0,85.08914935
CCCCCCCCCCCCCCCCCCCCN,4.8,0,0,297.3395504
C[Si](C)(C)C,2.04,0,0,88.07082691
CC(C)(C)C,1.78,0,0,72.09390038
COCCOCCO,15,0,3,120.0786442
CCOCCOC(C)=O,8.3,0,3,132.0786442
CCCCCCCC/C=C/CCCCCCCC(=O)OCC(CO)(CO)COC(=O)CCCCCCC/C=C/CCCCCCCC,2.12,0,6,664.5641902
FC(F)Cl,6,2,0,85.97348415
c1ccc2cc3cc4ccccc4cc3cc2c1,3.7,0,0,228.0939004
CC(O)[N+](=O)[O-],28.06,0,3,91.02694302
CC(N)=O,59,0,1,59.03711378
c1ccc(-c2c3ccccc3c(-c3ccccc3)c3ccccc23)cc1,3.053,0,0,330.1408506
CCC1COC(=O)O1,53,0,3,116.0473441
CC(C)(C)N,4.31,0,0,73.08914935
COC(Cc1ccccc1)OC,2.18,0,2,166.0993797
CCCCCC(=O)OCCCC,4.1,0,2,172.1463299
CCCCCCCC(=O)OCC,4.2,0,2,172.1463299
CCCCCCCC/C=C\CCCCCCCC(=O)OCC(O)CO,3.5,0,4,356.2926598
O=C(OCC(O)CO)C(CC(O)CO)C(CC(O)CO)C(CC(O)CO)C(CCC/C=C\CCCCCCCCCC(O)CO)CC(O)CO,3,0,14,726.4765569
COC(=O)c1ccccc1N=CCC(C)CCCC(C)(C)O,21.5,0,3,305.1990937
CCc1ccccc1CC,2.369,0,0,134.1095504
CCCCCOc1ccccc1[N+](=O)[O-],24,0,3,209.1051933
CC(C)C(C)O,10.78,0,1,88.088815
ClC(Cl)C(Cl)(Cl)Cl,3.9,0,0,199.8520884
CC(O)COC(C)CO,21,0,3,134.0942943
C=CC(=O)OCC,5.02,0,2,100.0524295
O=C1C=CC(=O)N1c1ccc(Cc2ccc(N3C(=O)C=CC3=O)cc2)cc1,3.55,0,4,358.0953569
CCCCCCCC(C)C,1.98,0,0,142.1721507
O=P(O)(O)OC[C@H]1O[C@@H](N2CN=C3C2=NC=NC[C@H]3O)[C@H](O)[C@@H]1O,250,0,8,364.0784001
CSC,6.2,0,0,62.01902119
COCC(C)OC(C)=O,8.3,0,3,132.0786442
CC(C)(C)CO,8.35,0,1,88.088815
CCC(O)CO,22.4,0,2,90.06807956
CCCCCCCCCCCCCC(C)C,2.1,0,0,226.2660511
CCN(CC)C(=O)[C@H]1CCC2C3CC[C@H]4N(C)C(=O)CCC4(C)C3CCC21C,2.29,0,2,388.3089785
Clc1ccccc1-c1nnc(-c2ccccc2Cl)nn1,2.002,0,0,302.0126016
COS(=O)OC,22.5,0,3,110.0037651
CCOS(=O)OCC,15.6,0,3,138.0350652
COc1cc(OC)c2c(c1Cl)O[C@]1(C2=O)C(OC)CC(=O)C[C@H]1C,21,0,6,354.087016
CCCCC(O)CO,15.5,0,2,118.0993797
O=C(O)[C@@H]1C[C@]2(C(=O)O)C=C[C@@H](O)[C@@H](C2)O1,3.15,0,6,228.0633881
CCCCOCCOP(=O)(OCCOCCCC)OCCOCCCC,8.7,0,7,398.2433402
CCCCCCCC/C=C\CCCCCCCC(=O)OC[C@@H](O)[C@H]1OC[C@H](O)[C@H]1O,4.9,0,6,428.3137891
O=C(O)CF,8.4,1,2,78.01170756
NC(N)=S,15.6,0,0,76.00951913
Nc1cc[nH]c(=O)n1,4.65,0,1,111.0432618
Cc1c[nH]c(=O)[nH]c1=O,2.4,0,2,126.0429274
O=[N+]([O-])c1c(Oc2cccc(-c3ccccc3F)c2[N+](=O)[O-])cccc1-c1ccccc1F,50,2,5,448.087078
C[C@H](O)CC(C)(C)O,2.8,0,2,118.0993797
CCc1ccc(O)cc1,3.6,0,1,122.0731649
O=C(O)CN(CCO)CCO,1.9,0,4,163.0844579
NP(=O)(O)O,2.75,0,3,96.99287962
COc1ccc(Cc2cc(N)nc(OC)n2)cc1,80,0,2,245.1164267
C=C(C)CCl,178,0,0,90.0236279
COc1cc2ncnc(Nc3cccc(SC)c3)c2cc1OC,3,0,2,327.1041478
C1C2CC3CC1CC(C2)C3,2.6,0,0,136.1252005
CCCCCCCCCCCCCCCC(=O)OC[C@H](COP(=O)([O-])OCC[N+](C)(C)C)OC(=O)CCCCCCCCCCCCCCC,3,0,8,733.5621551
CCCCCCCCC1(CCCCCCCC)CCCCC1,2.4,0,0,308.3443014
C=C(F)F,8.4,2,0,64.0124565
Nc1nc(F)nc2c1ncn2[C@@H]1O[C@H](CO)[C@@H](O)[C@H]1O,574,1,4,285.0873321
C1=CC2CCC1C2,2.1,0,0,94.07825032
CN(C)N=O,22,0,1,74.04801281
Sc1ccccc1,4.2728,0,0,110.0190212
N[C@H]1CN(CCc2ccc3c(c2)OCO3)C(=O)C[C@@H]1c1cc(F)c(F)cc1F,16,3,3,392.1347771
C(/C=C/c1ccccc1)=C\c1ccccc1,6.4,0,0,206.1095504
CCCCCCCCCCCC(=O)c1ccc2cc(N(C)C)ccc2c1,30,0,1,353.2718647
CNc1ccc(Cl)cc1C(=O)c1ccccc1,3.5,0,1,245.0607417
Cc1cc([N+](=O)[O-])ccc1NCc1ccccc1,3.902,0,2,242.1055277
Nc1ccc(Cl)cn1,4.5,0,0,128.0141258
O=C(NCc1cccnc1)Nc1ccc([N+](=O)[O-])cc1,120,0,3,272.0909402
Nc1ccc(O)c(C(=O)O)c1,440,0,3,153.0425931
CCCCCCCCCCC1=C(O)NC(=O)C1=O,5,0,3,253.1677936
CCCCCCCCCC1C[C@@H]2CC[C@H]3[C@@H](C(=O)OC(C)CCCCC[C@@H]4C[C@@H]5CC[C@H]6C[C@@H](C)NC(=N4)N56)[C@@H](C)N=C(N1)N23,78,0,2,624.5090753
N#CCC1COCCO1,5.5,0,2,127.0633285
Nc1ncnc2c1ccn2C1OC(CO)C(O)C1O,3.895,0,4,266.1015049
CCOC(=O)C(C)=O,41,0,3,116.0473441
CP,65.1,0,0,48.01288679
CC(O)(CS(=O)(=O)c1ccc(F)cc1)C(=O)Nc1ccc(C#N)c(C(F)(F)F)c1,78.39,4,4,430.0610408
CC1(C)OC(=O)NC1=O,2.21,0,3,129.0425931
NCCS(=O)(=O)O,4.78,0,3,125.0146641
CC(=O)C(=O)[O-],14,0,3,87.00876754
Clc1ccc(C(c2ccc(Cl)cc2)C(Cl)(Cl)Cl)cc1,2.6,0,0,351.9146887
[N-]=[N+]=[N-],225,0,0,42.00977058
O=C(O)[C@@H]1CCCCN1,5.98,0,2,129.0789786
c1ccc2nccnc2c1,60,0,0,130.0530982
CN(C)c1cccc2c(S(=O)(=O)Cl)cccc12,3,0,2,269.0277273
CNCCCN1c2ccccc2CCc2ccccc21,37.6,0,0,266.1782987
O=[N+][O-],3.5,0,2,45.99290324
COc1cc(-c2ccc(N)c(OC)c2)ccc1N,11.3,0,2,244.1211778
CC(O)CC(C)(C)O,75,0,2,118.0993797
C1CCC(NC2CCCCC2)CC1,8.8,0,0,181.1830497
CC(C)(C#N)N=NC(C)(C)C#N,14,0,0,164.1061964
C=C=N,131,0,0,41.0265491
N[C@@H](CC1=CC(=O)C(=O)C=C1O)C(=O)[O-],10,0,5,210.0407959
COc1ccccc1OC,105,0,2,138.0680796
Cc1ccc2cc3c(ccc4ccccc43)c3c2c1CC3,9.1,0,0,268.1252005
CCCCCCCCCCCCc1ccccc1,20,0,0,246.234751
CCOC,80.1,0,1,60.05751488
NC(=O)c1ccccc1,600,0,1,121.0527638
CCCCCCCCP(=O)(CCCCCCCC)CCCCCCCC,2.6,0,1,386.3677529
CCCCCCCCCCCCCCCCCCCCCCCC(=O)N[C@@H](CO[C@@H]1O[C@H](CO)[C@H](O)[C@H](OS(=O)(=O)O)[C@H]1O)[C@H](O)CCCCCCCCCCCCCCC,13.6,0,11,893.6625839
O=S(=O)(O)Cl,60,0,3,115.9334926
BBCPS,103,0,0,104.0192187
O=C1C=CC=C1,2.9,0,1,80.02621475
CCC[C@H](N)C(=O)O,80,0,2,117.0789786
Nc1ccc(Oc2ccc(C34CC5C6CC7(c8ccc(Oc9ccc(N)cc9)cc8)CC5C(C3)C(C7)C6C4)cc2)cc1,5773,0,2,554.2933285
CN(C)[C@@H]1C(=O)/C(=C(/N)O)C(=O)[C@@]2(O)C(=O)C3=C(O)c4c(O)ccc(Cl)c4[C@@](C)(O)[C@H]3C[C@@H]12,1.4579,0,8,478.1142934
CO[C@@H]1O[C@H](CO)[C@@H](O)[C@H](O)[C@H]1NC(C)=O,10,0,6,235.1055873
CC(=O)N[C@H]1[C@H](O[C@H]2[C@@H](O)[C@@H](CO)O[C@@H](O[C@@H]3[C@@H](CO)OC(O)[C@H](O)[C@H]3O)[C@@H]2O)O[C@H](CO)[C@@H](O)[C@@H]1O[C@@H]1O[C@H](CO)[C@H](O)[C@H](O)[C@H]1O,122,0,21,707.2484075
C[Si]1O[Si](C)O[Si](C)O[Si](C)O1,2.7,0,4,235.981265
O=C([O-])/C=C/C(=O)[O-],30,0,4,113.9964057
O=NO[O-],1.7,0,3,61.98836644
O=C(C(=O)c1cc(Br)ccc1O)c1cc(Br)ccc1O,4.5,0,4,397.8789329
Nc1nc(=S)c2ncn(C3OC(CO)C(O)C3O)c2[nH]1,45.5,0,4,299.0688249
CC(=O)N[C@@H]1[C@@H](N)C=C(C(=O)O)O[C@H]1[C@H](O)[C@H](O)CO,35,0,7,290.1114009
CCOP(=O)(C#N)N(C)C,78.4,0,2,162.0558142
Cc1ncc[nH]1,3.04,0,0,82.05309819
Nc1cccc(F)c1,700,1,0,111.0484274
C1CC2CCC1C2,2.48,0,0,96.09390038
[CH2][O],80.1,0,1,30.01056468
N[C]=O,30,0,1,44.01363868
c1cnc2ncncc2n1,10,0,0,132.0435961
CCCCCCCCCCCCCC(=O)OCC(COP(=O)(O)OCC(O)CO)OC(=O)CCCCCCCCCCCCC,51.2,0,10,666.447185
C=C[C@H]1CN2CC[C@@H]1C[C@H]2[C@H](O)c1ccnc2ccc(OC)cc12,10,0,2,324.183778
c1ccc2c(c1)sc1ccccc12,555,0,0,184.0346713
CCOC(=O)c1cn2nc(OP(=S)(OCC)OCC)cc2nc1C,6.17,0,5,373.0861284
O=C(Cc1ccccc1)Cc1ccccc1,138,0,1,210.1044651
Cc1ccc(NC(=O)c2cccnc2)cc1Nc1nccc(-c2cccnc2)n1,69,0,1,382.1542092
C1CC[C@H]2CCCC[C@@H]2C1,2.2,0,0,138.1408506
O=C1NCCO1,41,0,2,87.0320284
NC(=O)CC(=O)O,10,0,3,103.026943
[O-]c1ccccc1,80,0,1,93.03458836
Cc1cc([N+](=O)[O-])cc([N+](=O)[O-])c1O,6.95,0,5,198.0276713
c1ccc(N(c2ccccc2)c2ccccc2)cc1,1.05,0,0,245.1204495
Oc1cccc2ccccc12,34.31,0,1,144.0575149
Cc1cc2cc3c(C)cc(=O)oc3c(C)c2o1,15,0,3,228.0786442
C=CCOC(=O)c1ccc(C(=O)OCC=C)cc1,755,0,4,246.0892089
C[C@]12CC[C@H]3[C@@H](CCC4=CC(=O)CC[C@@]43C)[C@@H]1CC[C@@H]2O,29,0,2,288.2089301
O=C(O)c1ccc(C(=O)O)cc1,100,0,4,166.0266087
c1ccc2ocnc2c1,2.8,0,1,119.0371138
CCNC(=O)CCNC(=O)[C@H](O)C(C)(C)COP(=O)(O)OP(=O)(O)OC[C@H]1O[C@@H](n2cnc3c(N)ncnc32)[C@H](O)[C@@H]1OP(=O)(O)O,5.2,0,16,735.143138
C1C2CC3C4CC5CC(C14)C(C2)C3C5,2.6,0,0,188.1565006
Clc1cnc(Oc2ccc(Oc3ncc(Cl)cc3Cl)cc2)c(Cl)c1,2.2,0,2,399.9339882
[NH3+]CCc1ccccc1,2.34,0,0,122.0964258
N#Cc1ccc(C#N)cc1,18,0,0,128.0374481
NC(=O)[O-],27.5,0,2,60.00910188
Fc1ccc(CC2CC[NH2+]CC2)cc1,235,1,0,194.1339542
CC(=O)NC(C)=O,78,0,2,101.0476785
O=S([O-])S(=O)[O-],8000,0,4,127.9248976
B1NBNBN1,2.7,0,0,81.08408839
O=C(O)CCCC[C@@H]1CCSS1,3.5,0,2,206.0435217
BrC(c1ccccc1)c1ccccc1,2.71,0,0,246.0044125
CNc1ccccc1C(=O)O[C@H]1C[C@H](n2cnc3c(N)ncnc32)O[C@@H]1COP(=O)(O)OP(=O)(O)O,11.95,0,10,544.0872642
N[C@@H](Cc1ccc(OP(=O)(O)O)cc1)C(=O)O,12.5,0,6,261.0402237
O=C1C=CC=CC1N=[N+]([O-])c1ccccc1,13.1,0,2,214.0742276
O=S(=O)([N-]S(=O)(=O)C(F)(F)F)C(F)(F)F,10,6,4,279.9178424
CCCCCCCCOP(=O)(OCCCCCCCC)c1ccccc1,5,0,3,382.2636817
CC(=O)CC/C=C(\C)CC/C=C(\C)CC/C=C(\C)CCC=C(C)C,36,0,1,330.2922658
C[C@]12CC[C@H]3[C@@H](CC=C4C[C@@H](O)CC[C@@]43C)[C@@H]1CCC2=O,30,0,2,288.2089301
CN1CCC[C@H]1c1cccnc1,2.384,0,0,162.1156984
O=c1c(NCCc2ccccn2)ncc(Cl)n1CCNCc1csc2ccc(Cl)cc12,6.2,0,1,473.0843867
CN1C(=O)C(O)N=C(c2ccccc2)c2cc(Cl)ccc21,3.1,0,2,300.0665553
Cc1ccc(N(CCCl)CCCl)cc1C[C@H](N)C(=O)O,96.5,0,2,318.0901832
CN1C2CCC1CC(O)C2,5.62,0,1,141.1153641
O=C(O)C(Cl)Cl,7.8,0,2,127.9431847
CC(C)C[C@H](NC(=O)[C@@H](NC(=O)N[C@@H](Cc1ccccc1)C(=O)O)[C@@H]1CCN=C(N)N1)C(=O)N[C@@H](Cc1ccccc1)C(=O)[O-],181,0,7,622.2994702
COC(=O)C1CC(OC(C)=O)C(=O)[C@H]2C1(C)CC[C@H]1C(=O)O[C@H](c3ccoc3)CC21C,4,0,8,432.1784179
CP(=O)(F)F,2.365,2,1,99.98895779
Cc1ccccc1OP(=O)(Oc1ccccc1C)Oc1ccccc1C,2.78,0,4,368.1177458
O=S1(=O)OC(c2ccc(O)cc2)(c2ccc(O)cc2)c2ccccc21,4.55,0,5,354.0561945
O=C(O)CCO,0.0935,0,3,90.03169405
CC(=O)CCC(C)=O,22.45,0,2,114.0680796
O=P(O)(O)OP(=O)(O)O,2.5,0,7,177.9432257
CC(C)C[C@H](NC(=O)c1cc2ccccc2o1)C(=O)N[C@H]1CCCN(S(=O)(=O)c2ccccn2)CC1=O,4230,0,6,526.1886057
N[C@H](COc1cncc(-c2ccc3cnccc3c2)c1)Cc1c[nH]c2ccccc12,2540,0,1,394.1793613
O=C(CO)CO,4520,0,3,90.03169405
NC(=O)c1csc([C@@H]2O[C@H](COP(=O)(O)OP(=O)(O)OC[C@H]3O[C@@H](n4cnc5c(N)ncnc54)[C@H](O)[C@@H]3O)[C@@H](O)[C@H]2O)n1,6,0,14,669.0655427
CC(C)C[C@@H](CO)NC(=O)[C@H](CC(C)C)NC(=O)[C@H](CC(C)C)NC(=O)OCc1ccccc1,83,0,5,477.3202715
CCCCOC(=O)C(C)O,5.1,0,3,146.0942943
CC(=O)N(CCCCN)C(C)=O,5.5,0,2,172.1211778
C1CCSC1,8.61,0,0,88.03467126
CCS,6.912,0,0,62.01902119
Nc1cccc[nH+]1,32.66,0,0,95.06037464
CC1(C)CCCC(C)(C)N1[O],294,0,1,156.1388392
CC(=O)/C(C)=N/O,76.37,0,2,101.0476785
NC(CCO)(CCO)CCO,76.31,0,3,163.1208434
CC(N)N,13.8,0,0,60.06874826
CN1CCCC(CN2c3ccccc3Sc3ccccc32)C1,2.61,0,0,310.1503697
COS(=O)(=O)OC,55,0,4,125.9986797
CCCCCCCCCCCCCCCCCCCCCC(=O)O,3.4,0,2,340.3341306
COc1cc(CO)ccc1O,13,0,3,154.0629942
CCN=C=S,19.5,0,0,87.01427016
CNOC,181.2,0,1,61.05276384
C1#C[SiH2]1,10.01,0,0,53.99257659
COP(=O)(OC)OC,21,0,4,140.0238454
[CH2][N]C,37.5,0,0,43.04219916
CN[CH][O],283,0,1,59.03711378
N#CCc1ccccc1,22.85,0,0,117.0578492
CC(C)CN,4.4,0,0,73.08914935
C=C[N+](=O)[O-],28,0,2,73.01637834
O=C(CO)COP(=O)(O)O,35.2,0,6,169.9980246
O=P(O)(O)O[C@H]1O[C@H](CO)[C@@H](O)[C@H](O)[C@H]1O,35.2,0,9,260.0297186
CCCC(O)O,30.2,0,2,90.06807956
CC(Br)Br,2.37,0,0,185.8679743
FC(F)(Cl)C(F)(Cl)Cl,2.41,3,0,185.9017677
NC(CCO)c1ccc2ccccc2c1,42,0,1,201.1153641
ClCC(Cl)(Cl)Cl,8.2,0,0,165.8910608
CCN(CC)C(=O)c1cccc(C)c1,7.66,0,1,191.1310142
CC(C)C#N,20.4,0,0,69.05784922
CCOC(=O)c1c(C)n[nH]c1C,4.27,0,2,168.0898776
CC[C@H](C)[C@H](N)C(=O)O,2.38,0,2,131.0946287
CSCC[C@H](N)C(=O)O,1.5,0,2,149.0510496
CC(C)(CO)[C@@H](O)C(=O)NCCC(=O)N/C=C\S,2,0,4,276.1143781
CC(=O)C(C#N)=CN(C)C,25,0,1,138.0793129
CN(C)C=C(C#N)S(C)(=O)=O,25,0,2,174.0462986
CCOc1cc(C(O)C(=O)O)ccc1O,7.8,0,5,212.0684735
CCCN(CCC)C(=O)SCc1ccccc1,61,0,1,251.1343853
Nc1ncnc2c1ncn2[C@@H]1O[C@H](CO)[C@@H](O)[C@H]1O,3.1,0,4,267.0967539
C=C1CO[C@H]([C@@](NC(=O)[C@@H](C(=O)O)c2ccc(O)cc2)(OC)C(=O)O)N=C1C(=O)O,4.3,0,10,422.0961448
Nc1nc(=O)c2ncn([C@H]3C[C@H](O)[C@@H](CO)O3)c2[nH]1,4.03,0,4,267.0967539
C=C(C)c1cccc(C(=C)C)c1,2.6,0,0,158.1095504
N=C=O,78.5,0,1,43.00581365
CCCC(N)=O,66.758,0,1,87.06841391
NC(CC(=O)O)C(=O)O,2.5,0,4,133.0375077
NCCCC[C@H](N)C(=O)C(CN)CC[C@H](N)C(=O)N[C@@H](CCCCN)C(=O)N[C@@H](CCCCN)C(=O)N[C@@H](CCCCN)C(=O)O,569,0,6,658.4853797
NC(=S)Nc1ccccc1,385,0,0,152.0408193
NC1CCC1,216,0,0,71.07349929
CCCCC/C=C\C/C=C\C/C=C\C/C=C\CCCC(=O)NCCO,11,0,2,347.2824294
c1ccnnc1,80,0,0,80.03744813
c1ccc([C@@H]2CO2)cc1,7,0,1,120.0575149
Cc1ccc(O)c(O)c1,15.5,0,2,124.0524295
BB,397,0,0,26.04991093
C1OOCN2COOCN1COOC2,2.66,0,6,208.0695361
O=c1[nH]oc2c1CCNC2,10,0,2,140.0585775
C[C@]12CC[C@H]3[C@@H](CC[C@H]4C[C@H](O)CC[C@@]43C)[C@@H]1CCC2=O,600,0,2,290.2245802
C[C@@]12C=CC[C@H]1[C@@H]1CC[C@H]3C[C@H](O)CC[C@]3(C)[C@H]1CC2,24,0,1,274.2296656
N#C[S-],36,0,0,57.97569358
CCCCCCCC/C=C\CCCCCCCC(=O)O[C@H](COC(=O)CCCCCCCCCCCCCCC)COP(=O)([O-])OCC[N+](C)(C)C,153,0,8,759.5778052
NNC(=O)c1ccncc1,3.5,0,1,137.0589118
CCCCCC1(C#N)C=CC(c2ccccc2)=CC1,8.58,0,0,251.1673997
CC(=O)[C@H]1CC[C@H]2[C@@H]3CCC4=CC(=O)CC[C@]4(C)[C@H]3CC[C@]12C,196,0,2,314.2245802
Cc1ccc2c(c1C)Sc1ccccc1S2,60,0,0,244.0380424
C1=CCCC1,85.5,0,0,68.06260026
C[CH][O],21.8,0,1,44.02621475
CCC1CC1,10.4665,0,0,70.07825032
CCC1CCC1,10.4825,0,0,84.09390038
CC(C)C(C)(C)C,10.465,0,0,100.1252005
Cc1c(C)c(C)c(C)c(C)c1C,12.058,0,0,162.1408506
c1ccc(Cc2ccccc2)cc1,10.785,0,0,168.0939004
c1ccc(CCc2ccccc2)cc1,10.735,0,0,182.1095504
C=CCc1ccccc1,2.63,0,0,118.0782503
NCCCc1ccccc1,4.3,0,0,135.1047994
BrCc1ccccc1,6.658,0,0,169.9731123
CCCCOc1ccccc1,3.734,0,1,150.1044651
CCCCC(=O)Oc1ccccc1,4.3,0,2,178.0993797
CCC(=O)Oc1ccccc1,4.77,0,2,150.0680796
NNc1ccccc1,7.15,0,0,108.0687483
O=C=Nc1ccccc1,8.94,0,1,119.0371138
CCCCCOC(=O)c1ccccc1,5.1,0,2,192.1150298
C=C(C)c1ccccc1,2.28,0,0,118.0782503
CC(C)Cc1ccccc1,2.318,0,0,134.1095504
c1ccc(CNCc2ccccc2)cc1,3.446,0,0,197.1204495
ClCc1ccccc1,6.854,0,0,126.0236279
CCCCCOC(=O)c1ccccc1C(=O)OCCCCC,6,0,4,306.1831093
CCCC(=O)Oc1ccccc1,4.48,0,2,164.0837296
COc1ccc(C=O)cc1,15.8,0,2,136.0524295
ClC(Cl)(Cl)c1ccccc1,7.4,0,0,193.9456832
O=C(OCc1ccccc1)c1ccccc1O,4.1,0,3,228.0786442
CCOC(=O)CC(=O)c1ccccc1,12.8,0,3,192.0786442
CC(C)CCOC(=O)c1ccccc1O,5.4,0,3,208.1099444
CC(C)COC(=O)c1ccccc1,5.9,0,2,178.0993797
CC(=O)Oc1ccccc1,6.9,0,2,136.0524295
O=C(F)c1ccccc1,22.7,1,1,124.032443
CCCCCOC(=O)C=Cc1ccccc1,4.89,0,2,218.1306798
CCCCCCCCCCCC(=O)Oc1ccccc1,3.28,0,2,276.2089301
ClC(Cl)c1ccccc1,6.9,0,0,159.9846556
CCCCCCCCNC(C)C(O)c1ccc(SC(C)C)cc1,72.73,0,1,337.2439357
O=C(O)C[C@H](O)C(=O)O,170,0,5,134.0215233
CCCCCCCCOC(=O)c1ccc(C(=O)OCCCCCCCC)cc1,4.5,0,4,390.2770097
O=C(O)F,11.75,1,2,63.99605749
C=Cc1ccc(O)cc1,4.25,0,1,120.0575149
S=c1[nH]c2ccccc2s1,25,0,0,166.9863412
COc1cccc2c1C(=O)c1c(O)c3c(c(O)c1C2=O)CCC(O)(C(C)=O)C3OC1CC(N2CCC(OC)CC2)C(O)C(C)O1,0.0056,0,11,625.2523111
CCCCCCCCCCCCCCCCCCCCO,2.1456,0,1,298.323566
CCCCCCCCCC(C)C,2,0,0,170.2034508
O=C(O)[C@H](O)[C@H](O)COP(=O)(O)O,177,0,8,216.0035039
O=C([O-])C(O)C(O)C(=O)[O-],11900,0,6,148.001885
BrCCCBr,9.32,0,0,199.8836244
O=S([O-])O,-120,0,3,80.96518847
CN(C)c1ccc(N=Nc2ccccn2)cc1,5.8,0,0,226.1218464
O=C1C=CC(=O)N1,3.03,0,2,97.01637834
O=C(O)[C@@H]1CCCN1O,2.41,0,3,131.0582431
N[C@@H](CC(=O)O)C(=O)O,2,0,4,133.0375077
Cc1cccc([N+](=O)[O-])c1,22.2,0,2,137.0476785
CCCCCCCCCCCCCCCC(=O)OCC,3.07,0,2,284.2715304
N[C@@H](CCC(=O)O)C(=O)O,3,0,4,147.0531578
CCCCCCCCCCCCCCSCC(=O)O,7.49,0,2,288.2123013
Fc1ccc(C(c2ccc(F)cc2)C(Cl)(Cl)Cl)cc1,0.42,2,0,319.9737898
[2H]C([2H])([2H])[N+](=O)[O-],39.4,0,2,64.03520857
[2H]c1c([2H])c([2H])c(N([2H])[2H])c([2H])c1[2H],6.89,0,0,100.1017864
[2H]Oc1c([2H])c([2H])c([2H])c([2H])c1[2H],10,0,1,100.0795253
[2H]c1c([2H])c([2H])c(Cl)c([2H])c1[2H],5.6,0,0,117.0393616
O=C1OCCCCO1,53,0,3,116.0473441
N#CCCCCC#N,30,0,0,108.0687483
COCC#N,36,0,1,71.03711378
CCCCCCCCCC=O,6.8,0,1,156.1514153
CCCCC(=O)CCCC,8.3,0,1,142.1357652
CCCCCC(=O)CCCCC,8,0,1,170.1670653
CCCCCCCCC#N,14,0,0,139.1360995
CCCCCCCCC(=O)O,1.72,0,2,158.1306798
CCCCCS,4.67,0,0,104.0659714
CCCCCCCS,4.11,0,0,132.0972715
CCCCCCCN,3.42,0,0,115.1360995
CC1COCO1,6.8,0,2,88.0524295
CC(=O)SCCNC(=O)CCNC(=O)[C@H](O)C(C)(C)COP(=O)(O)OP(=O)(O)OC[C@H]1O[C@@H](n2cnc3c(N)ncnc32)[C@H](O)[C@@H]1OP(=O)(O)O,21,0,17,809.1257736
C=C=O,56.1,0,1,42.01056468
